id,value1,value2,category
0,1.0731699251042728,61,A
1,-1.666730311159739,44,A
2,0.2606248585894625,78,B
3,-0.887030855915195,46,B
4,2.5943913581745117,14,B
5,-0.4386328049940475,7,B
6,-0.1799597933870919,67,B
7,0.8160918538196263,29,A
8,0.4627719767305163,35,A
9,-0.200571823672399,76,A
10,-0.8015169590207878,11,A
11,1.123315041994859,37,A
12,0.5148554725736193,9,B
13,0.5495663902592482,58,C
14,0.2324469139320152,90,B
15,0.4472420566770026,62,A
16,0.1488450273568565,88,C
17,1.1014181730064267,75,B
18,0.9284007873563072,20,A
19,0.5640076199559054,30,C
20,-1.6544230675488083,29,C
21,-0.3991840462245425,12,A
22,0.4801634915358768,77,C
23,-1.1635806287128323,63,A
24,0.0044389069589997,77,C
25,-0.4833241552598425,25,A
26,0.2378532090889302,21,B
27,-0.002428281659907,54,B
28,-0.4457615672292551,55,B
29,-0.6451581904482615,21,A
30,-0.5240260345171107,51,B
31,0.2921399694615201,38,C
32,1.281024779561286,3,C
33,-0.3349743815877379,39,C
34,-1.250118117990851,10,A
35,-0.1634342736794784,87,B
36,0.4388052625819258,7,B
37,-2.194106249411921,43,C
38,-0.0867092826435642,15,A
39,-0.449087456056141,41,B
40,-0.144637407852463,97,B
41,0.0342598327626065,57,C
42,-1.2578310982803518,5,A
43,-1.0749556654200412,41,A
44,-0.2582738468507907,94,C
45,-1.19739986289806,98,C
46,-0.3991384815730515,68,C
47,-1.4484130252466092,69,A
48,-1.5547399017966936,76,A
49,0.8667059974752642,14,A
50,-1.6879381426274067,10,B
51,0.4131288551359981,80,A
52,2.487002071655764,19,B
53,1.0238143548988343,22,A
54,0.9305350164052524,3,B
55,-0.0356603049451331,49,C
56,-0.8814127511397869,41,A
57,1.3564370691685852,15,C
58,0.3004868705448131,28,B
59,0.44959004515134,72,A
60,1.172859883864641,93,B
61,0.0090341042135449,20,A
62,-0.4411134586436095,38,A
63,-0.7655787764409854,23,C
64,-0.2764543879786754,33,A
65,-0.1955942908169127,2,B
66,0.7018508720653102,19,A
67,-0.8809580057208148,54,A
68,-0.5648066379872657,37,C
69,-0.4590197852973438,97,B
70,0.3526168386611306,32,C
71,-1.2640747378360366,62,B
72,0.450555429532626,58,A
73,0.8770437007238046,94,A
74,1.5257245150446743,50,B
75,-0.4509451936785992,94,A
76,-1.193438363090117,15,A
77,2.750358005763697,48,B
78,-0.1823131458085755,44,A
79,-0.1315951938513773,13,C
80,-0.108948500690439,21,C
81,-0.3843420861187089,4,C
82,-0.6080272040143216,10,B
83,-0.7223406420390803,48,B
84,2.5477263021105494,10,C
85,0.1522247058200579,31,A
86,0.2233327877048811,81,C
87,-0.55741572313292,29,B
88,0.3957812493382061,23,A
89,-1.7700219590274016,33,A
90,1.5338672326765173,89,B
91,-1.398354269718088,43,A
92,-0.6420767876915616,98,B
93,-0.5956839931680572,29,A
94,0.2401986742633173,57,C
95,-1.4257651881926705,98,B
96,-1.8111467771645071,49,B
97,0.6160608163849403,9,C
98,1.4460481600153257,99,B
99,0.7875055284545791,17,B
100,-0.5225576861283471,64,B
101,0.6311227921861182,90,A
102,2.3007043626549573,25,A
103,1.547099457191598,4,A
104,-1.1144692697095768,97,C
105,0.0273055054804373,92,B
106,-0.2919717599183181,27,C
107,-1.2240239500928345,67,B
108,0.018792977782534,15,B
109,0.4882469540174112,67,A
110,0.1323027623755093,41,A
111,2.217998095682908,49,C
112,-1.4003688010969697,99,C
113,-0.9334640754405736,65,C
114,0.1449976375861538,32,A
115,0.4275690428346707,89,C
116,0.4975204575786104,26,C
117,-1.586309399399613,56,B
118,-0.0296431632287952,92,C
119,-0.2392303371874578,90,A
120,0.134890188001199,1,C
121,0.6058948991592442,4,C
122,-1.0169515913260336,83,B
123,1.0521469676594852,25,C
124,-0.1796917597187421,29,A
125,-1.2943296786688407,41,B
126,-0.3574901887967457,23,C
127,1.0308794185219368,89,A
128,-1.0434460284857436,26,B
129,0.2750835240450308,44,C
130,-0.92248982646978,12,B
131,0.9463481365096506,98,C
132,0.4622391564831425,26,B
133,-0.0986195653048657,26,C
134,0.1692519656386785,30,A
135,0.4000240134414964,72,A
136,1.0492507963609834,82,A
137,-0.0830311381523187,29,C
138,-0.7243147075854457,25,B
139,-1.0870268752303958,35,B
140,0.4257637321913516,56,C
141,-1.3413883000437972,48,B
142,0.9515072106298816,60,C
143,-1.237409483146097,56,B
144,0.5611038467434777,73,B
145,-2.053295660199143,80,A
146,0.7227077113748351,12,A
147,-1.2009549648579456,49,C
148,-1.4400368669250905,34,B
149,0.0134054362955853,54,A
150,0.2896558004124809,30,A
151,0.1143652677467195,44,A
152,-0.6728923245144021,27,A
153,0.871060041856726,17,C
154,0.4109594505111726,12,B
155,-0.7130375822161676,50,A
156,-0.6075531989284501,1,B
157,1.020519379395604,81,C
158,1.1274345409723046,86,A
159,-1.6104424273755775,38,A
160,-0.1133875422379741,56,C
161,0.0181124965200039,96,B
162,-0.1445918324873451,97,B
163,-1.006194809444397,76,C
164,-0.4294439139899847,5,B
165,0.78427979392969,46,B
166,-0.3616363321241896,25,A
167,0.6559478741046081,83,B
168,0.4281035220513726,30,C
169,-0.681974022481014,22,A
170,0.5918165281488755,92,B
171,-0.309016419620405,82,B
172,0.1430390972770104,91,C
173,0.4741415386726821,27,B
174,-0.8664323202646845,62,A
175,0.4723398354816939,90,A
176,-0.4787714190665615,86,A
177,0.5856155941971944,27,C
178,-0.7322628588460786,97,B
179,-0.6808358785499062,61,C
180,0.1471694311654954,17,B
181,-0.825619914741171,63,A
182,-0.4065059374226863,94,B
183,-0.5165939126397944,81,A
184,-0.1986566522940535,74,B
185,-0.0472000971843164,27,B
186,-0.7801429121710343,10,C
187,1.2926122070425818,38,C
188,-0.0945780851441678,8,B
189,0.8713762996100024,17,C
190,-1.0526745039973833,23,C
191,0.6022702090096541,10,A
192,0.6505568018691799,81,B
193,-2.235620005727988,75,B
194,0.3656191261589792,6,B
195,0.5111609463610343,62,A
196,-0.9056478725817052,4,A
197,-0.4304332404691318,87,B
198,1.3950950268624416,52,A
199,0.5520163576442997,19,C
200,-0.1881073455750476,73,B
201,-2.0716679707269026,54,B
202,-0.8782264252425988,38,B
203,0.3521244136312571,31,B
204,0.0679177846024518,18,C
205,0.5988893396724648,17,A
206,0.3321994169533932,33,A
207,0.3878765494649382,65,C
208,0.2407621956085586,1,A
209,0.9903474814575046,38,A
210,0.6482333816693511,82,C
211,-2.5159416206126584,82,A
212,-0.2388216175547263,94,A
213,0.8949258300708783,24,A
214,0.5399880985444552,54,B
215,0.5499047352176253,26,B
216,0.4171098308534771,33,A
217,0.3702647649419281,37,A
218,-0.6662232503846002,12,A
219,0.4213337132685839,76,C
220,0.6090727860440308,84,B
221,0.9347251136049386,93,A
222,0.0453613065987132,86,C
223,1.2641088500782849,90,A
224,0.3119474299897071,37,A
225,0.8452321010861656,39,C
226,0.2110198942574945,52,B
227,0.2860575224661764,34,A
228,-1.528204573466054,84,A
229,-0.0263862676424448,61,A
230,0.4268971056872895,65,A
231,0.2127988828833478,19,C
232,1.2340324431991472,55,A
233,-0.1115152124008094,43,B
234,0.8669919888255354,85,C
235,0.1246664664021911,82,B
236,-0.290912033335416,66,B
237,1.01252448126409,50,B
238,0.1607671015354695,1,C
239,-0.1668874525016387,88,B
240,-0.1285809482458167,94,B
241,1.225097227056697,77,B
242,0.8836241068571189,69,B
243,-0.3852399502259125,25,A
244,0.18562944350607,30,C
245,0.1961385803205673,62,A
246,0.5614983454231345,6,C
247,0.6019445533794066,15,A
248,-1.6785080082218444,95,A
249,-1.5914514816241347,77,B
250,1.2549949914269385,45,B
251,-0.2791397598815147,20,B
252,1.4596220436648122,45,B
253,0.3238603762189662,85,B
254,0.9191862835373098,96,A
255,-0.4440474313218616,25,C
256,-2.0172403667634167,96,A
257,-0.1670193161041661,2,B
258,-1.033250709321716,87,C
259,0.701737241415041,48,C
260,0.1368429513296471,77,B
261,0.2715349153498998,84,B
262,1.5893294935248492,76,B
263,-0.2586745809298896,54,B
264,0.2837563809163186,91,C
265,0.1947978862722444,20,C
266,-0.2977550602322291,71,A
267,-0.4461130828135557,82,B
268,-0.3335288690122607,74,A
269,0.2015066318918482,6,A
270,-0.8321944814483415,14,B
271,-0.3737896145986361,85,A
272,0.7645001449320116,24,B
273,0.7113602597099883,7,C
274,-1.0226359247687278,34,A
275,1.0081484570375023,47,B
276,0.3407756893682979,50,B
277,-0.4595218596494224,22,A
278,-0.5889613387754564,20,C
279,-1.1240465129578716,79,C
280,0.786746867087795,32,B
281,-1.6637458596151151,85,C
282,-1.19192139565648,75,A
283,0.4933244791300611,78,A
284,1.0072571533716257,15,B
285,-1.0934267799514494,58,C
286,-1.041463529209104,76,C
287,0.9184155314647716,30,C
288,1.0690457131706108,54,B
289,-0.0437651785319203,50,B
290,-1.0995712485447409,40,A
291,0.8631701394083797,38,A
292,0.8763929825965234,40,B
293,0.4012275869810157,95,C
294,1.315663864755681,51,A
295,-0.3882948231013995,17,A
296,-1.432862240189624,79,B
297,1.9133569206537615,42,B
298,-1.4186086109222664,58,A
299,0.5084299226822664,52,A
300,-0.3243672128064854,85,C
301,-1.056122180460929,98,B
302,1.755075883289082,85,C
303,1.0655987767282955,94,A
304,-0.5397662649052795,46,A
305,-0.6511501172273509,92,A
306,0.6578487234309487,56,B
307,-1.3046162077218793,78,B
308,-0.7917037436162153,48,B
309,0.9387176430686918,77,A
310,-0.3234886177836087,86,B
311,0.6815157157944128,30,B
312,-0.3797663704564286,20,C
313,-0.2284782373947915,36,A
314,-0.4347358300062696,85,A
315,-1.3679115038479237,30,C
316,0.2610193525388281,95,B
317,-0.0774389641677041,81,C
318,-0.8037807604036998,13,C
319,0.6258443974943588,13,C
320,-0.5280272218134814,51,B
321,-1.0956719092208724,46,C
322,-1.2534352241008686,53,B
323,-0.29549460187852,38,B
324,0.4536871398855763,87,A
325,0.6485252681193432,30,A
326,2.15558388097151,91,A
327,-0.0322176426316135,60,B
328,-1.3348400236724414,74,C
329,0.7591692408616877,1,A
330,0.2735588319377527,93,C
331,1.036232338398689,32,A
332,0.2551953814938407,96,B
333,-0.4883188516274523,88,A
334,-0.7678384726984935,26,A
335,1.194455325570885,54,C
336,-0.0244381598034638,65,C
337,0.8622181038341374,98,C
338,-1.1896952986178653,3,A
339,1.431732775549027,40,C
340,0.0320478205010653,31,B
341,0.8010991832707212,7,A
342,0.6719965504016286,28,B
343,-0.4445322499050418,12,B
344,1.883641836385059,43,B
345,-0.140183022275768,20,B
346,1.0142276486607913,68,C
347,-1.5780233236036196,87,A
348,-0.3460901215909671,43,A
349,-0.8291102273407706,38,B
350,-1.578633511511418,59,C
351,1.1146115527916272,45,A
352,1.1650650589031764,83,B
353,-0.2545265527740961,92,C
354,1.385472261491102,80,A
355,0.628780102647553,50,A
356,0.5287681446743938,36,A
357,0.5629768565805356,89,B
358,1.1333094837652684,22,A
359,-0.9079828506091254,35,A
360,0.9664656481715692,74,B
361,-3.9195825091180336,45,C
362,-0.1826618221793234,86,B
363,-0.464219071609873,78,C
364,0.8704556545137582,19,B
365,0.2250924977721888,44,B
366,0.4816169868296413,21,A
367,-1.1809834341875431,74,B
368,0.4072892006059733,50,B
369,-0.3963245370039054,54,A
370,0.1682361606459685,37,B
371,1.059607513605796,42,A
372,-0.4402119907612298,68,A
373,0.8662066768883896,26,C
374,-1.2190949081334108,22,A
375,0.4012799066711344,95,A
376,-0.5327473885380934,23,C
377,0.9796628033094896,18,A
378,0.873096096291286,27,B
379,0.5715348563541629,90,C
380,0.0615431273637472,80,A
381,-0.3829142807815276,94,C
382,-0.3246027794862477,21,B
383,-1.78073286442149,98,B
384,1.9920316609722364,75,B
385,-0.0318592279806328,92,A
386,0.2333312199020708,99,A
387,0.1794408180259371,8,A
388,-0.5261944100313839,27,C
389,0.0517646972500039,33,B
390,-0.5610665221587153,31,A
391,1.0249229619443463,65,A
392,0.3782662296253183,84,C
393,-0.0337794808029371,85,C
394,-1.423920155257773,24,B
395,0.9531096847660566,55,C
396,-1.2965182757187887,51,C
397,0.0235943572666367,62,C
398,-0.740234790605736,50,B
399,1.3356453924888436,42,C
400,1.070741132333395,82,A
401,1.1669840613925282,98,C
402,0.5812419151278604,19,B
403,-0.0989503256833533,60,A
404,1.5664838290143157,72,B
405,-0.1264257915463595,69,A
406,-0.3636724970160456,35,C
407,0.2399298740924144,21,B
408,1.6718944037419283,8,C
409,-1.4491880696204116,67,A
410,2.9411735724643595,66,A
411,-0.7798782067374163,26,A
412,1.1966157046965915,66,C
413,-0.9131725350293164,9,B
414,-0.4869046788217308,15,B
415,0.3109347121221626,89,C
416,-0.0855241528644683,46,B
417,0.9962346059977266,23,B
418,-0.3065852577155127,68,C
419,0.1591750587277155,58,B
420,1.060692244174731,40,A
421,-0.9606210995391544,38,A
422,-0.1346687351659323,4,B
423,-0.2449341620524077,96,A
424,1.2423930560119354,41,C
425,-0.1445942097388885,76,C
426,1.1526583959721883,46,C
427,-0.6624957359153391,93,A
428,-1.41328914890696,10,C
429,0.1889421416361128,50,C
430,1.252496827478039,25,C
431,0.3958685055997944,81,B
432,-1.712220829340808,28,A
433,-1.778832306622507,12,B
434,1.1084432577382015,28,C
435,0.1692475165037025,5,C
436,-0.0146898732091567,34,B
437,-0.2459526848815807,47,A
438,1.330716197830749,44,A
439,-0.2813063422939054,95,B
440,1.4141205316264558,60,A
441,0.2481574986273939,86,A
442,-0.2403863777070149,41,A
443,-0.3870182269923334,78,C
444,0.7451142720112578,78,A
445,-0.4938782422898382,38,B
446,1.977726912405947,48,C
447,0.8107864056487781,64,B
448,0.1201593444688933,69,B
449,-0.6682851122340991,84,B
450,0.4260308875684078,45,B
451,0.7239084311307192,43,C
452,-0.5163530886984958,17,C
453,0.2151383272009513,33,B
454,2.3844648026447577,68,B
455,-0.0570120853312637,2,C
456,-0.0690382690523334,48,A
457,0.9568580571296696,69,B
458,-1.0007206394988188,90,C
459,-1.1387884098682108,94,B
460,-2.641643014662364,31,A
461,-0.7011636246675292,30,C
462,-0.0186483006006922,34,B
463,-1.3438206577287404,88,C
464,1.0687584990904837,9,A
465,-1.570307263767705,39,A
466,0.582557992049782,67,A
467,0.3356878130537229,27,B
468,-1.266515506018931,53,B
469,0.7740574508925895,53,C
470,-0.2073261357347844,5,C
471,-0.2972836887619695,88,B
472,-1.3934057442514711,29,C
473,-0.7980793940908636,24,C
474,0.2722140497614601,68,B
475,-0.5980184862839043,26,A
476,-0.6852153808822593,40,A
477,-0.2713554827187081,25,B
478,-0.4634186514186293,96,B
479,0.1295402403104331,3,B
480,-1.8840392625506768,1,A
481,-0.5288273146237906,24,B
482,-1.6488399781836611,92,B
483,-0.2418371720244897,55,B
484,-1.6698742443555097,33,B
485,0.3111425354340107,18,C
486,-0.8126204272723397,26,B
487,1.0638055793598529,99,B
488,-0.7270281304481645,76,A
489,0.2527755565484072,52,A
490,-0.5110412872385469,83,A
491,-1.0208281832983574,29,B
492,1.326300397920442,73,A
493,1.2271969385894512,13,A
494,0.3689016719341731,78,B
495,1.7831667865354597,25,C
496,-0.7280151430949048,82,C
497,0.1597547829512339,16,A
498,0.061973998885061,3,C
499,0.9720549987329308,82,B
500,0.7046442568924556,5,C
501,-2.159378341873577,78,A
502,0.1336081600151056,98,B
503,-1.781159714604835,30,C
504,-1.090659654679743,56,B
505,1.0762312520335495,54,C
506,-0.7470629144215534,74,B
507,1.3951470242921282,92,C
508,-0.5425584531002612,79,B
509,-0.0143453534056154,62,C
510,0.5437447850847515,70,A
511,-1.3399211178786232,49,A
512,-0.3175536894027069,18,B
513,0.1588641810250496,26,A
514,-0.430784615154235,35,A
515,1.9854600995391305,2,A
516,-0.1934799919773269,99,C
517,-0.7999454300996691,32,B
518,1.7458860874022388,65,A
519,0.4873104311960531,54,A
520,1.052610106907594,67,A
521,-1.1731541033175177,31,C
522,-0.6637877562127121,6,C
523,-0.3357861276516606,11,C
524,-0.1226226895026961,99,A
525,0.6668733893919688,55,C
526,-0.5392623396890446,74,A
527,0.6461870593985185,9,A
528,2.098313781704247,61,C
529,0.169966182412607,28,B
530,-1.159991139757807,13,B
531,0.172276364059002,42,A
532,-0.527108282841411,57,A
533,0.4322685958493941,65,A
534,0.4439186680332362,92,B
535,0.7444087081251597,26,A
536,-0.2914523165880328,55,C
537,0.1262866295256992,45,B
538,0.605764649111843,41,A
539,0.3693503107899271,70,A
540,2.73593095106427,98,C
541,-0.7518755744155926,98,B
542,-1.0755723794265126,54,C
543,-0.7379806503799856,73,B
544,-1.7666053769335863,66,A
545,-0.5527237650021368,31,B
546,-0.0439140581357442,9,C
547,0.121407353370554,40,A
548,-0.1065171385595888,41,C
549,1.1457604179199907,48,B
550,1.2553751226928402,67,C
551,-0.0782947266172247,81,B
552,3.2654209840468393,87,C
553,0.3231495864975365,81,A
554,0.0079655887520615,40,B
555,-0.7894360333796564,95,A
556,-0.8498506168166156,38,A
557,0.2111174231315782,14,C
558,-0.3013672628646842,7,B
559,0.1337233673579974,4,A
560,-0.911572289702922,99,B
561,-0.9051955917506078,95,A
562,-0.8273540922716623,60,B
563,-1.8848409410322595,45,B
564,0.4133385639093631,8,B
565,0.6217376572891673,55,B
566,-1.9104759974186751,25,B
567,1.3695665593397095,78,C
568,0.0820845299863571,14,B
569,1.1343888722317683,59,A
570,-0.636906698427828,99,B
571,0.9640755384775788,49,C
572,-0.8090271553438871,95,B
573,0.1257044874807001,15,B
574,-0.8178462017172267,6,A
575,-1.7630766252648211,34,B
576,0.7939943987026714,47,A
577,0.0437971037317326,9,B
578,-0.272718139958826,83,A
579,0.1731699269639038,29,B
580,0.1969724499885554,49,A
581,0.0962802751125592,88,A
582,-0.1619566746287542,78,C
583,0.6841004713778358,80,C
584,-0.7291106776497529,1,C
585,0.6897328947389805,39,C
586,-0.7131892764167425,13,C
587,0.7743107090353595,3,B
588,0.1051960172448869,79,A
589,-1.595943608954503,36,B
590,-0.337102041548124,25,B
591,0.6113592759629592,71,B
592,-0.7015201302936056,15,C
593,2.395814021257298,50,C
594,1.2214061433033745,30,A
595,0.2750410332799383,60,C
596,-0.3635999395793102,92,C
597,-0.7477962349455802,97,C
598,-1.087637334174544,79,A
599,-0.4382644727560926,64,C
600,-0.2836284909462326,33,A
601,-1.0381547226044077,84,A
602,-1.2785020097520905,37,C
603,-0.0959822211003526,33,B
604,0.8160653273186447,32,C
605,-1.034087724942776,73,A
606,0.5669577255940833,68,C
607,-0.4836126268844908,7,A
608,-0.3683886382203849,27,B
609,0.2051983683368756,59,C
610,1.0316231583368825,48,C
611,-0.0736666681436417,84,A
612,1.703829598968093,34,A
613,-1.4202094001700345,25,C
614,-0.1394515082587505,2,A
615,2.3180781879554235,47,C
616,1.287933021169276,44,A
617,-0.4274032680737933,40,A
618,-0.2189961453949875,40,A
619,-0.9843289144213287,45,C
620,0.2928910430954697,24,B
621,1.8857146858800415,41,B
622,0.8409566542059247,44,B
623,-1.5909034465434313,86,B
624,0.4595162612717782,20,C
625,-0.7884761471124169,11,B
626,-1.057237957851508,52,B
627,0.5036897329157963,32,B
628,-0.432102114357441,14,A
629,-1.4662618732047892,74,A
630,-0.1810911660858012,89,A
631,-0.9361900694898916,29,A
632,0.7085029640085421,58,C
633,1.2531762151423862,85,C
634,-0.8684818961025705,42,C
635,0.6416777097413003,13,A
636,0.1700693267488408,19,C
637,-0.8610526808860605,39,B
638,1.2586330901756633,72,C
639,1.140057068492769,84,A
640,-1.299120404283483,1,C
641,-0.9052362300130936,60,C
642,-0.725810289425261,19,B
643,-0.7013263814775289,67,B
644,-2.068859438084216,85,A
645,0.8847137934921984,90,B
646,-0.3985059490966032,84,A
647,-0.4961383497481015,50,C
648,-1.6406427286895324,55,A
649,-0.4477125903142881,61,A
650,0.7089669754094692,30,B
651,0.2473124307138886,46,B
652,0.9083036317789148,45,A
653,0.084569019070449,9,B
654,0.5189768790035273,30,B
655,1.1148257605004894,21,C
656,0.4362495682382116,68,A
657,-1.4883773970063177,44,A
658,-0.4238448682618144,63,C
659,-0.4552521430731588,7,C
660,0.2875619056039619,21,B
661,1.2673437109564063,87,A
662,-0.1231572096084486,78,B
663,0.1974117955559678,52,C
664,-0.1238229987231119,41,C
665,0.901424364354704,77,C
666,-0.3171705816302755,19,A
667,-1.306023361281497,8,A
668,2.017419073463975,20,A
669,0.2117572884861725,90,C
670,-1.60553945970779,25,B
671,1.481070492810315,91,A
672,-0.3010386024038757,52,B
673,0.8578416957617565,8,C
674,-0.4680245982531987,84,A
675,-0.7792803591076347,51,A
676,-0.2647901532270297,88,A
677,0.0139638863869241,32,A
678,-1.5998587306376535,17,A
679,-1.4660539732834144,77,C
680,0.1540066127980882,99,C
681,-1.1295599718825375,88,B
682,-0.7014743542939724,98,C
683,-0.6062942554789614,31,A
684,-0.8387330704209253,10,B
685,0.1524445524809898,55,C
686,0.295860712037147,53,B
687,0.1503539888596298,75,A
688,-1.3196424191140252,57,A
689,0.4288189745181032,26,C
690,-0.0975811033452039,74,A
691,-1.1809035209185712,14,A
692,-0.8852795872870666,78,B
693,-1.4232989639609177,61,A
694,0.9069470135965022,39,C
695,-2.4558846667431116,87,A
696,1.229703299364258,59,B
697,-0.1672071456016187,10,C
698,-0.7532169738714821,84,B
699,2.04614533938793,38,A
700,0.448797988552407,34,B
701,-2.1154782575934585,88,B
702,0.5940315354014024,30,B
703,-0.3891074785544856,50,A
704,-0.7627230236171139,44,B
705,1.6265609248490185,92,A
706,0.6884416614416548,42,C
707,0.6977561050111201,71,A
708,-1.0982517684036095,1,B
709,-0.7008782387691362,11,A
710,0.7511229581011852,23,A
711,-0.6442559858150027,48,A
712,-1.9486689561512296,27,C
713,-0.9974999468891236,87,B
714,-0.8820276014535386,94,C
715,0.5120648936108184,93,C
716,0.1071584062404703,91,C
717,0.1883691146480036,76,B
718,0.6780822971774093,42,C
719,0.0894217910469918,48,C
720,0.309780009912703,69,A
721,1.8302305127339016,67,B
722,-0.9704118846628232,18,C
723,2.3703901066492965,25,C
724,1.3707802228590729,1,B
725,1.9709629190483076,27,A
726,1.767927216248132,95,C
727,-1.417317966595154,98,A
728,-0.5632160529802952,50,A
729,-1.049655739004533,97,C
730,-0.5351039020827593,73,C
731,1.097449816143665,85,A
732,-0.0470481906849012,92,A
733,1.296509236165833,38,B
734,0.4091086504625629,2,A
735,0.5254960961034146,2,B
736,-0.2903872993461741,89,C
737,-2.3543983840830283,58,C
738,-1.0441494167703105,38,C
739,-0.9466943441136256,74,A
740,2.196860954494548,32,B
741,0.0796247730061835,16,B
742,-0.6381047631097551,17,A
743,-0.992185726567166,63,A
744,0.5111592122889613,40,A
745,0.6538034741618813,63,A
746,-0.0926871124058112,53,C
747,-0.083696759335471,51,C
748,-0.3579957152569079,87,C
749,-1.1132293357456005,8,A
750,-1.9139516045387752,95,C
751,-0.190278487054885,99,C
752,0.2420775069285197,38,A
753,-1.0230567678317222,74,C
754,0.0464916757629645,92,A
755,0.2069880142609829,68,A
756,1.2051984777552385,32,C
757,-1.6900711090664091,34,B
758,0.7008801126766651,7,C
759,1.168252112786999,65,B
760,-1.123977079904693,16,C
761,0.6981970572935126,82,B
762,0.2150614764729264,38,C
763,-0.963024297414314,63,A
764,-1.2832760992380472,12,C
765,-0.2970197188759982,20,A
766,0.5826174986239194,62,B
767,-0.616045570215786,72,B
768,-0.957693746728326,23,B
769,-0.5081230475288224,1,A
770,0.6732658175977744,90,A
771,0.5274118311752882,23,C
772,0.9027485757082592,61,A
773,0.2714007954618282,61,B
774,0.1125395212136825,5,A
775,1.4043003491811172,52,B
776,0.9350028538577402,74,B
777,1.1328826448146174,54,A
778,1.4994974342953244,38,B
779,-1.428635539357654,72,A
780,0.1505321188236781,15,A
781,-0.4794023327645084,46,C
782,-0.5411867375227577,82,C
783,0.8386826535471668,91,B
784,-0.4738335401936369,52,A
785,-0.3695966321564146,74,C
786,-0.4275375769482158,9,C
787,0.1061468374224993,3,C
788,0.5726125170891309,59,B
789,0.7709089627631587,19,A
790,0.1022207421681324,32,B
791,-0.1106582885925188,11,A
792,1.4156443979976308,16,A
793,-0.5759211089416824,53,C
794,-2.09732180408329,94,B
795,0.059966824727451,33,A
796,-0.2704386227061343,4,B
797,0.1548265185228592,15,C
798,0.0282785608097735,59,B
799,-0.4273612131455134,87,B
800,1.5943857864702211,36,C
801,0.5827934613403691,33,A
802,-1.354239966974866,36,C
803,-1.3810469765296196,26,C
804,1.2484717602960858,27,B
805,-0.8773263155672034,29,C
806,0.1580223137561101,38,B
807,-0.7961038608943145,61,B
808,0.068238043118914,96,C
809,0.1777824186890619,68,B
810,1.2496201302212446,3,C
811,-0.7490429381091558,10,A
812,-0.9041771322559812,32,C
813,1.7575641028346802,36,A
814,1.504767915137263,38,A
815,1.505410279416216,94,A
816,0.2314129340296257,48,C
817,-0.9994032315671684,84,A
818,-0.8665591713354611,36,B
819,-0.6498896162374359,51,A
820,-1.3085263329150945,44,C
821,0.902055103791195,93,B
822,-0.422546940961099,22,C
823,0.8749604314923186,97,C
824,-0.503445386134986,12,C
825,0.8967601682673413,39,A
826,0.748026411299558,78,A
827,-1.3732072935888675,97,A
828,0.6332813033497444,65,A
829,0.2040766357932398,21,B
830,0.896454432320819,6,A
831,-1.213848680741156,47,A
832,-0.1449182642064715,38,A
833,-1.3490943957485806,11,A
834,0.2655663820744192,88,A
835,0.7021476671023346,80,A
836,-0.6326632213741932,38,A
837,0.1783749073017909,26,C
838,0.3799990606114642,8,A
839,-0.8916934560087975,31,A
840,-1.1699373993616649,3,A
841,-1.4197908277254474,30,C
842,-0.2684642770575518,52,A
843,-0.1639062215267804,90,B
844,0.7091781779661539,51,B
845,0.931644231985113,61,B
846,0.91280393689851,72,C
847,0.2195211113491414,17,B
848,0.563067065736972,64,C
849,-0.6173517526366242,88,A
850,1.404118752320655,82,A
851,3.5043893273108715,44,C
852,-0.5174395287341164,64,C
853,-0.0664473841708738,61,B
854,-1.5115947917243393,87,A
855,0.7685726082524679,79,C
856,2.284250041266578,62,B
857,-0.2318370068002153,52,C
858,-0.5623401095232902,62,C
859,0.0906602788916813,35,C
860,-1.5998097762865384,48,B
861,0.4620715562370207,44,A
862,-0.6119196243440693,53,B
863,-0.7264481088515972,98,B
864,-0.8797476865982212,69,B
865,0.1667634650520413,48,B
866,-0.3510234157096708,2,B
867,-1.053833764112624,55,A
868,-1.912347583636094,58,A
869,1.1164506599209425,22,C
870,0.7049656321473429,86,B
871,-0.4324719446618223,27,C
872,-1.777206479792059,94,A
873,-0.9272114561962344,95,B
874,-0.1823223413719473,12,B
875,-1.7263351905903,74,A
876,-1.560408851231372,51,A
877,-1.006454555820104,30,B
878,0.100981232353969,6,A
879,-0.7566096379965471,81,C
880,0.9308242414328904,59,A
881,1.2961154585007717,20,C
882,1.0398774941571551,74,C
883,0.6738798264379656,35,A
884,-0.3593909359957022,52,B
885,0.4523670456127198,5,B
886,-0.81702948647873,12,A
887,0.9259316918374796,42,A
888,-1.5977955451596575,71,B
889,0.153449098384955,40,B
890,-0.5224024470679945,31,A
891,-0.0241693254781193,66,C
892,1.1962940545423686,15,A
893,1.0804476313130018,70,A
894,1.6197157871254144,84,B
895,1.173995830727877,7,A
896,-0.8717848458904277,69,A
897,-0.4460162123824899,17,A
898,-1.6868958720289526,79,B
899,1.8244881233439725,16,C
900,-1.2829696086531155,91,B
901,-0.3584107164636427,43,B
902,-1.5643106441784078,98,B
903,0.5947293418909981,74,B
904,1.5024372868943752,26,C
905,-0.8089013561308569,43,B
906,0.3075520598828943,78,B
907,-0.2852761305793658,38,B
908,-0.7038345964638456,2,A
909,0.3842506958351135,85,B
910,0.5092155461474368,25,A
911,-1.2272352696115183,44,C
912,-0.5789172312757497,76,C
913,-0.3016818293847304,18,B
914,1.026774675000356,65,B
915,-0.2999597216115564,17,A
916,1.0048310492362311,11,B
917,0.3135501612275821,34,B
918,-0.1734398148046184,99,A
919,0.082233572923908,38,A
920,1.8735109131231689,61,A
921,0.0327029767269061,21,A
922,-0.5390572803681393,59,A
923,1.0200473516112618,88,A
924,1.463059467503808,54,B
925,0.035356836990755,91,C
926,1.561697537493686,4,B
927,0.2887827968346039,70,C
928,1.373301348533614,93,C
929,-0.8427164076782472,10,B
930,-1.3504573049601725,31,B
931,1.4393831256267546,62,B
932,0.3903126423413252,98,B
933,-0.6621248807787331,96,A
934,-0.123098041571426,61,C
935,2.156570894524898,77,C
936,-0.9500273167863532,97,A
937,0.3590832357065159,15,A
938,1.1767223581119637,87,B
939,-0.6522452989825072,50,A
940,0.0139414891502863,19,C
941,-0.6331397605828208,12,B
942,-0.4547880758550106,56,C
943,2.657992648471581,2,A
944,1.0279401309710512,15,A
945,0.0088524529862078,77,A
946,-0.4497858376502381,21,C
947,-0.5750787573716851,5,C
948,0.1966895175080389,12,B
949,0.4040157706166573,89,A
950,-0.6400129705630117,80,A
951,2.026336613527824,49,B
952,-0.6555603499526098,66,A
953,-1.9132344486680897,37,C
954,1.6159717696462,1,A
955,-0.0171062580741423,64,B
956,0.5474481356043506,70,B
957,0.7955889940188929,66,B
958,-0.0009145621441383,25,C
959,-0.184019740934141,24,A
960,-0.7258142481229358,66,A
961,1.4896403839758825,94,C
962,0.7257573657320189,34,B
963,0.6665404687191534,46,A
964,-0.7136614365147892,87,B
965,-0.9233344007500464,84,C
966,-1.1810373366003717,45,B
967,-0.0080073521498227,25,C
968,0.7727033867941838,85,B
969,2.4790498652527986,83,B
970,0.4524700911199212,2,C
971,0.1162077250590569,10,C
972,-0.5833664227709926,18,C
973,0.1547461566526868,15,A
974,-0.0620502144739049,67,A
975,0.5036565756534435,59,A
976,-0.4056707027068477,13,A
977,-0.0951052173355647,5,C
978,-1.1255878268670008,59,A
979,-1.4905818368838926,49,A
980,-0.6097141099092013,26,A
981,0.2771512648848127,96,B
982,-0.8078500216662465,20,A
983,0.8882163180665166,59,C
984,1.0509438410552847,33,A
985,-0.9493630921336204,95,B
986,-1.5372621283025425,99,B
987,0.0171448483159799,89,C
988,-0.1685055693253327,96,C
989,1.167452784021108,91,C
990,1.78527212111804,28,C
991,1.2575871115168191,18,C
992,-0.4132400689224793,99,A
993,-2.6249317302238837,46,B
994,-0.1526083626794687,99,A
995,-0.417594764435015,67,C
996,0.1585453806324592,53,A
997,0.5874564375903724,90,C
998,-0.4384289886029072,5,B
999,0.2233314068452823,60,B
1000,-0.096462283775774,74,C
1001,-0.8994889444242076,65,B
1002,-1.3361413135933795,57,B
1003,-0.1737069908180392,87,C
1004,0.118829385756053,20,B
1005,0.9544206048668024,96,A
1006,-0.4173540484818279,90,A
1007,-0.2128907805945077,72,A
1008,-0.2840000412298976,27,B
1009,1.686368729870351,20,C
1010,-1.4583720204271713,80,B
1011,-1.3094029189106862,11,C
1012,-1.2945335788040078,6,A
1013,-1.4865081987939757,19,B
1014,0.0805203996395244,44,A
1015,0.6797666006403841,42,C
1016,-0.9918864557015616,27,C
1017,-1.0375709433159637,70,B
1018,-1.0559303137117844,88,C
1019,-0.0312663847279049,99,A
1020,0.8341070782613321,41,A
1021,1.610206482704735,52,B
1022,-0.6451613853257294,13,B
1023,2.818891723054495,89,C
1024,0.0105506202783279,53,A
1025,-0.6273015477269696,23,C
1026,0.3088944330321623,96,C
1027,1.7300897733589242,35,A
1028,0.6885141027806035,15,C
1029,0.88255187826621,42,A
1030,-0.3593804561926789,63,A
1031,-2.734326205804855,63,A
1032,0.7374384318645423,47,C
1033,-0.7765249389161806,43,C
1034,1.9928613423518375,80,A
1035,0.6455246232586402,29,B
1036,-0.2260610374769269,36,A
1037,-0.9844819633521228,27,A
1038,-1.213219345033212,81,B
1039,0.9993176033036648,88,A
1040,-1.976464671893999,91,B
1041,-1.768918145237686,50,C
1042,0.7437068349502968,1,C
1043,1.4891666395353866,61,B
1044,-0.8454002601478616,81,C
1045,-0.2478185755439243,66,C
1046,0.2061873157475038,99,A
1047,-1.401093705156231,23,A
1048,-0.3525615654936764,52,B
1049,-0.0863055025237392,48,A
1050,-1.3019851514528755,82,B
1051,0.0836248438504609,1,A
1052,1.0853153671319355,74,B
1053,0.3384981744510263,27,B
1054,0.0660160877394543,4,B
1055,0.4781829907098216,35,C
1056,0.5203607199187207,28,A
1057,-0.5579259830628706,14,A
1058,-1.381376901585199,77,C
1059,1.568814091468372,89,C
1060,0.9152459848819556,56,B
1061,-0.2888573787448782,61,B
1062,-0.906936374922562,44,C
1063,0.3576363370649935,52,C
1064,0.7025516375004247,80,B
1065,0.6722989983735771,44,B
1066,0.6004086882943267,41,A
1067,0.2734340355839719,11,C
1068,0.4779696531489154,17,B
1069,0.2638708295136766,93,A
1070,0.7689139636250711,59,B
1071,1.70245677109605,69,B
1072,0.3827277899380799,77,B
1073,0.0634865202520001,74,C
1074,-0.0755429046394291,66,B
1075,-0.6641536528034808,78,C
1076,-0.2724649527255551,95,C
1077,-3.2949082360174153,97,A
1078,1.210592240111374,77,C
1079,-0.4179928594690623,20,C
1080,1.779857717931112,8,C
1081,1.3077457344347752,63,A
1082,1.3555399840589537,97,C
1083,2.2643144514691844,65,A
1084,-1.13380458713067,6,B
1085,0.4887808845731274,78,B
1086,0.372175868167757,7,C
1087,0.7537587902349729,28,B
1088,0.0986539996635464,81,C
1089,1.4614241770870386,27,C
1090,-2.335985831620236,58,A
1091,0.5479094121731364,65,A
1092,-0.2882812052940862,60,B
1093,-0.1561313122092182,81,B
1094,-0.5084210592693766,14,B
1095,-1.2798616528838522,62,B
1096,-0.1937829661649411,83,A
1097,-0.1438701865913731,24,A
1098,-1.986072090538195,3,A
1099,0.3362180752964664,95,B
1100,0.9938045567788274,1,B
1101,0.3411030396204102,36,B
1102,-0.6550000173082909,63,A
1103,0.962040936795918,97,C
1104,-0.4896943286669976,68,A
1105,0.6425501289790364,84,B
1106,1.175615803662185,78,B
1107,-0.245043890007506,48,A
1108,0.2820075382750313,36,A
1109,0.2718295516222851,62,B
1110,1.0754679290623723,42,B
1111,0.7246251451744734,44,A
1112,-0.5082039703129871,3,B
1113,0.9850125590624882,23,A
1114,-1.8998031924457697,3,C
1115,1.1424420350389464,79,C
1116,0.4763601887691912,49,A
1117,-0.5136546012850974,89,B
1118,-1.3939721141563066,6,A
1119,0.8571022194246182,62,C
1120,-0.2276371685001504,56,A
1121,-1.5353160488199804,9,A
1122,-0.113443987050547,40,B
1123,0.1689990203937849,67,B
1124,0.8286003676619145,45,C
1125,-1.2218114446071324,45,C
1126,0.1094219920749335,10,A
1127,-0.1401772387638105,17,C
1128,0.5181740161581284,63,A
1129,-3.1412163271035056,50,C
1130,-0.0379940475407958,94,B
1131,1.1615877356830364,43,A
1132,0.4512478932505727,62,B
1133,0.7984271690900758,56,B
1134,1.5298090427964608,92,B
1135,2.021513042260659,67,B
1136,0.7816704373323285,16,B
1137,-1.3105941519084825,6,C
1138,1.4503976437799808,90,B
1139,1.7205315142740103,2,A
1140,0.1659513016834266,17,C
1141,0.9647483458841076,3,C
1142,-1.0856075061582533,61,A
1143,1.4205319816687747,63,A
1144,-0.0666017063601394,43,A
1145,1.7683001396959006,10,C
1146,-1.709879628253197,13,C
1147,-1.4079934802509777,83,A
1148,1.2475131732606652,15,B
1149,-0.2751796078380527,54,B
1150,-1.2775406137816432,43,C
1151,-1.4993921560391257,23,C
1152,-0.2636229352503384,59,A
1153,0.8187254995977915,13,A
1154,1.1318795386930975,37,B
1155,-2.3098790553470905,27,C
1156,-0.8482184789466976,94,B
1157,0.2930109571514726,56,A
1158,0.6025894838837759,92,C
1159,1.421744536093463,9,C
1160,-1.0284236609687434,61,A
1161,1.6759741165593631,11,C
1162,-0.6710601037940601,8,A
1163,0.186690724570132,21,B
1164,-0.6316169191079011,26,C
1165,1.5123465860979746,48,C
1166,-1.0397566252464885,87,B
1167,0.111948603257501,13,C
1168,0.9907937503366192,88,A
1169,1.715301393677118,32,C
1170,-0.3223570149072206,16,B
1171,0.2242126281966225,86,B
1172,0.7979769767960933,22,A
1173,-1.8731586989973672,12,A
1174,1.6483305709045937,20,B
1175,2.5066860516913314,13,A
1176,-0.1874444416552696,8,A
1177,-0.2804377620189668,23,C
1178,-0.872690215448323,99,C
1179,-1.8976088874926829,66,A
1180,0.139776356088887,68,B
1181,-0.807797327271719,77,A
1182,-1.4243570324021733,65,A
1183,-0.601671594248182,34,B
1184,0.9040264853752265,80,A
1185,-0.7397347004673996,79,C
1186,-1.0225700731808276,91,C
1187,-1.6108477097930942,93,C
1188,2.062547842643083,52,C
1189,-0.2174376888421886,64,B
1190,0.4521473057419332,25,C
1191,0.3530247002531377,21,C
1192,0.5702262638679758,65,C
1193,-1.2401013756484418,20,A
1194,0.0694406813117776,22,C
1195,-1.1480141680835163,14,C
1196,-1.1283772936533738,19,B
1197,-0.8499773104172915,89,C
1198,0.4240787815534999,24,B
1199,-1.002750051669277,53,A
1200,0.7290467969387225,66,B
1201,-1.1164202316542675,59,B
1202,0.7546239282065871,54,C
1203,0.3183922922858576,89,B
1204,-0.0478692184521296,89,B
1205,0.2895255133858888,97,A
1206,0.2121074705707851,19,A
1207,0.5471302214115508,91,C
1208,-0.1037938990324397,45,A
1209,0.7260855010260058,59,A
1210,1.3267161253705473,14,A
1211,-1.019205864374619,12,A
1212,2.5166191719834723,42,C
1213,0.7595258381259251,98,A
1214,-0.342342698302759,98,B
1215,-0.5472873675570287,92,A
1216,-0.3457433909323016,95,C
1217,0.7806947295491992,2,C
1218,-1.4034430847327828,57,A
1219,0.0656022619357005,97,B
1220,-0.8518185358781568,76,B
1221,-0.1675413054624313,59,A
1222,0.3162116593588683,25,A
1223,0.0282440573117914,15,B
1224,-0.1676051048763517,34,B
1225,-0.0817330450322565,47,C
1226,-1.004822403013065,72,B
1227,0.3151808305350348,89,C
1228,-1.4510917441266866,50,C
1229,0.1520149227580594,98,C
1230,-0.9412388768455644,14,C
1231,-0.0439719586638793,6,A
1232,1.947740053544129,49,C
1233,-0.332990343479687,25,C
1234,0.3720693993752221,12,C
1235,1.134877435454297,12,B
1236,0.7536733562532278,74,A
1237,-0.3475108235845303,53,C
1238,-1.546245515602092,1,B
1239,-0.3026306592732117,32,C
1240,-3.0152516658391324,24,B
1241,-0.0675610934310369,78,B
1242,-1.5962091590859095,65,A
1243,-0.0606376309531145,67,B
1244,-0.722815844045575,22,B
1245,1.94545524477942,74,B
1246,1.946224197061854,23,B
1247,0.5073234709269856,42,C
1248,-0.4727110915395022,96,C
1249,0.8166843454192204,66,C
1250,0.5053140564397003,70,B
1251,1.7547351585353297,20,C
1252,-1.3751187545231809,29,B
1253,-0.1764323437971528,4,A
1254,-0.1928325798758837,57,C
1255,-2.861957361047901,11,C
1256,0.6480510875666335,26,A
1257,0.4116713166363029,98,A
1258,-0.5805488538639787,72,B
1259,-0.2796850369133494,4,A
1260,-0.6019488969283137,14,A
1261,0.5570046282936565,55,A
1262,0.4501507934841998,56,C
1263,-0.4550580710922182,76,C
1264,-0.4684139230052344,34,A
1265,-0.3153648024380352,80,A
1266,0.1490366087631246,37,B
1267,-0.2305173281840772,59,A
1268,-0.2960736170452994,62,A
1269,-0.6754409176423174,20,C
1270,-0.3931279496720491,53,A
1271,1.339675377671957,36,C
1272,0.0845606787399053,62,C
1273,0.3384145863013121,56,B
1274,-1.3465554425774795,57,B
1275,-0.1132447349009276,27,C
1276,0.5368719441054253,31,C
1277,-0.3891169878741351,11,A
1278,0.4124582951182132,4,B
1279,1.4112160424108655,29,A
1280,0.1867669941590255,25,C
1281,-0.3910626505459301,47,C
1282,0.929721362286719,82,A
1283,0.3439985755406177,93,C
1284,0.4450641247348251,32,B
1285,1.5634749762958495,51,B
1286,1.5726699448551558,35,A
1287,1.560970934981338,97,A
1288,0.0644001037571352,49,B
1289,0.8772171941214248,44,B
1290,-0.1015596252379073,23,B
1291,1.6299674107507278,14,C
1292,0.5495024987365275,13,C
1293,-0.4495255150505526,45,C
1294,-0.188861118679808,40,C
1295,-0.7040533958413339,16,C
1296,-0.8434571282768781,85,B
1297,-0.3040070229501199,69,C
1298,0.7108308265008353,39,A
1299,-0.8585514081647293,26,C
1300,-1.566868904706251,59,A
1301,-0.7840566358259906,2,B
1302,-0.6956927159100302,47,C
1303,-0.4595936665196603,2,B
1304,-1.394102576937435,84,C
1305,-0.1755061898006683,33,A
1306,-1.4185113405060832,31,B
1307,-0.8348954191883693,51,A
1308,0.2118183924890507,44,C
1309,-0.5376086204526238,85,A
1310,1.610509137163144,90,B
1311,-0.6300443781195956,16,B
1312,-1.556131395307082,32,C
1313,2.056686672773129,85,C
1314,0.4255906286855888,50,B
1315,-0.4161816410643227,25,C
1316,-0.4038521279768373,6,A
1317,1.2408171253233975,55,B
1318,-1.4524745190428832,72,C
1319,-0.5939669357261225,58,A
1320,0.0289894714696336,3,A
1321,0.7940952256446505,87,A
1322,-1.3571595397638014,93,A
1323,-2.0388128503772465,25,B
1324,-0.6237001231986297,92,B
1325,1.2540783025703433,34,B
1326,0.5317052102287226,48,C
1327,2.247282433592704,42,A
1328,-0.0270165448968775,95,C
1329,-2.342075390486393,90,A
1330,1.1818081830043017,77,C
1331,-0.4635964735089476,77,B
1332,-0.904715759038022,46,C
1333,0.7296038214806567,14,C
1334,-0.6115821187834205,97,A
1335,1.4437316128650806,95,A
1336,-0.2799688389369469,91,A
1337,0.4769930207440515,33,B
1338,-1.197110831812872,19,A
1339,1.512411066201382,62,C
1340,-0.2430558854771437,58,B
1341,0.8123445101197929,9,B
1342,-1.5006295162855934,63,C
1343,-1.039405461401827,57,C
1344,-1.8291209097478351,81,A
1345,0.6840458802800045,99,B
1346,-0.1213729862685955,14,C
1347,0.2071553765697395,47,A
1348,-1.6385794702303589,31,B
1349,-1.6151427688258917,85,A
1350,-1.0929134531476037,59,A
1351,-1.191563743993962,56,A
1352,-0.2314986190893053,55,A
1353,0.6106335281900008,83,B
1354,-1.6455002246377934,57,A
1355,-0.775857611945471,70,C
1356,-0.1161822808940691,89,B
1357,0.0580535431089177,40,A
1358,1.593917673427252,80,C
1359,-0.9709363894979254,24,A
1360,0.7402316781601623,18,C
1361,0.2075304751833651,17,C
1362,1.6200793436199985,60,C
1363,-1.0119730507680027,75,A
1364,-0.3932059259799966,29,B
1365,0.7280377123257578,87,C
1366,-1.3049980044682916,6,A
1367,-0.3214727779942764,47,A
1368,-0.2609065540117436,45,B
1369,-0.1161146851170881,63,B
1370,1.7311678527218064,77,B
1371,-0.7998001969444392,5,C
1372,0.6463314784925923,15,B
1373,0.0199899503480831,62,A
1374,0.9423977950822684,34,C
1375,-0.0362695640566705,42,B
1376,-0.4756696233700774,31,B
1377,0.6233789168361472,35,B
1378,0.7230140213046198,65,C
1379,0.7407937215588617,23,C
1380,1.4071378000926476,46,A
1381,0.5446596253846095,95,A
1382,-1.0363219620230606,30,C
1383,0.7035992764980078,99,A
1384,0.8889585433410992,33,B
1385,-0.1864313751274836,78,A
1386,-0.2050298046073688,28,A
1387,1.8205170974515683,94,A
1388,-0.6906153313031846,18,C
1389,-0.6895062487752793,32,C
1390,1.5174015665575926,31,C
1391,0.585915515711784,45,B
1392,-1.80106545033923,48,C
1393,0.209220760596082,23,A
1394,0.3794410717930617,51,B
1395,-0.1223780924284671,40,A
1396,0.833595920108395,34,A
1397,0.213550468281459,69,B
1398,1.0319525024766705,30,A
1399,-0.7198196170874094,84,A
1400,1.862600138479307,82,B
1401,-0.842560897705058,17,C
1402,1.3148839079632038,90,B
1403,0.0138458953586492,85,B
1404,1.2879701054420871,4,C
1405,0.2322320711902918,23,C
1406,0.2975522179961702,84,B
1407,0.6738779712284766,12,A
1408,0.6741714624062318,60,A
1409,-0.0421467654298766,47,C
1410,0.686655695562609,51,B
1411,-1.5274901950180693,33,A
1412,0.5424551371982675,59,B
1413,0.7014203815503386,33,C
1414,-0.2318949356927725,55,A
1415,-0.2861090218711954,84,A
1416,-1.69691036217836,8,C
1417,1.1476561102720868,60,C
1418,0.2496358973471814,5,C
1419,0.481002788058651,32,B
1420,1.1050670307408172,70,C
1421,-0.14042922750754,22,A
1422,1.220627210522721,86,B
1423,0.2548026918365166,60,B
1424,0.4811561069945053,2,B
1425,1.2032761432494088,73,C
1426,0.4312011430902244,81,C
1427,0.4057304388114234,80,B
1428,1.368574182719593,49,C
1429,-0.7211422791707588,39,A
1430,2.170241653339597,20,C
1431,-0.1304152852744899,71,A
1432,0.1069596557163035,49,A
1433,-1.0727786136623054,82,A
1434,-0.8070618447199798,95,B
1435,-0.6813694263481085,71,A
1436,-1.6620412616468307,20,A
1437,-0.8722867696640375,77,C
1438,0.8235155310842047,19,A
1439,-0.7332049349321655,57,B
1440,-0.1616270162326086,58,B
1441,0.9353888756083556,60,A
1442,-1.5735834364286092,23,A
1443,-2.006249539847445,64,A
1444,0.3717366832602354,19,C
1445,-0.5640500764148402,35,C
1446,-2.4826441698572967,62,B
1447,-0.356239956884028,99,B
1448,-1.673380337681433,90,A
1449,1.134872380615445,2,C
1450,0.5425058597089782,76,B
1451,3.053637690668031,51,C
1452,-0.7673671907459203,45,C
1453,0.0154777708771921,18,A
1454,-0.3077971900062424,37,C
1455,1.0411742403708868,18,C
1456,0.1637427765516143,90,A
1457,1.7784853460659809,54,A
1458,-0.2311124385334625,7,C
1459,0.7120091276879458,80,C
1460,-0.0777044501491392,83,C
1461,-1.0904232958766569,97,B
1462,-0.4069156567022836,98,C
1463,-0.7124820194574326,8,A
1464,-0.8941869554333994,92,A
1465,-0.7720816492919624,35,A
1466,0.5501074798985911,76,C
1467,-0.5818869160379568,59,B
1468,1.0832801372021643,87,C
1469,-1.0116746795882223,49,B
1470,-0.1090424058767065,26,C
1471,-0.8507972075055936,75,A
1472,-1.137341927703299,21,C
1473,0.4566366623194172,65,A
1474,-0.9284313523290268,52,B
1475,-0.0629863528431801,32,A
1476,-2.6872527708044873,49,A
1477,0.0702535098894321,95,B
1478,-0.9635132120689588,93,C
1479,-0.6712428159262188,35,B
1480,-1.0415900506838818,66,B
1481,-1.243181286109961,81,A
1482,-1.3874500899188114,24,A
1483,-0.5131297482209066,25,A
1484,0.1175213893177125,86,C
1485,0.4744325584561932,77,C
1486,-0.6293522525250965,68,B
1487,-0.2959976329713232,2,B
1488,0.3036401028588487,85,A
1489,1.0601943842495298,52,B
1490,-1.5672254504510987,55,C
1491,0.0753086021035274,70,B
1492,-1.4589247212677166,99,C
1493,-2.13111422721413,29,A
1494,0.8061011585048194,16,B
1495,0.9307861088511326,77,B
1496,-0.2926812447762869,18,A
1497,1.0986098966296538,11,C
1498,-0.683481244372586,20,A
1499,1.2059224086453375,17,A
1500,2.0059322397899964,19,C
1501,-1.3250884541901802,67,B
1502,1.9158405319169052,65,B
1503,1.8233212314653515,84,C
1504,-1.0041222389136846,90,A
1505,-0.8049689223617787,29,C
1506,-0.555426368069824,21,A
1507,-0.2344792656718527,33,C
1508,0.0988707210283771,12,A
1509,-0.1441436929313221,66,B
1510,-0.7774801656843668,7,C
1511,-1.5443257754862871,44,B
1512,1.0088052269556198,2,B
1513,0.7100175395788565,21,C
1514,-0.3312321109606898,2,A
1515,2.9465097028887515,36,C
1516,0.1372506041237487,38,A
1517,-0.1128192083045762,16,B
1518,1.7464672687168197,91,C
1519,-0.768665926704143,5,A
1520,1.4643857339538824,87,A
1521,0.065205184965351,5,B
1522,0.3465136804043264,6,C
1523,1.5052502540515047,65,B
1524,0.155944978182197,96,A
1525,0.2243838520313411,38,A
1526,-0.8130375729588829,11,A
1527,1.8272879570587472,59,C
1528,-0.4749188975868698,2,A
1529,-0.1244013822210372,72,C
1530,-1.3503746453366636,44,B
1531,1.296990074978443,56,B
1532,-0.7817939037036754,59,B
1533,-1.61716284939892,86,A
1534,-0.9001984488199097,35,A
1535,-2.443971208093748,98,B
1536,0.2788646289598926,85,B
1537,-0.5501684849601424,54,B
1538,0.1557146213537564,99,B
1539,0.2112331602014917,26,B
1540,-0.2956500974550777,50,A
1541,-0.7275571722317821,2,A
1542,-1.3337801880036344,35,C
1543,1.48639121408406,55,A
1544,1.081212130728893,51,B
1545,-2.430561509826203,94,C
1546,0.4391803847188718,22,C
1547,-0.5543675419806499,49,B
1548,-1.0245929187841485,87,C
1549,0.3603598643437383,98,B
1550,-0.0026818217946233,36,C
1551,-0.2987986657814353,8,A
1552,-1.148263246400237,4,B
1553,0.5606327139720306,83,A
1554,-1.2409263665444672,69,C
1555,-0.7384306745972582,6,A
1556,1.1462572856853124,18,C
1557,1.0033471847681048,71,A
1558,2.36026812433873,50,C
1559,0.5617751197946157,14,A
1560,0.4379424962567671,21,C
1561,1.2961058216159251,90,C
1562,-0.0298324755660499,48,B
1563,-0.9521731998946388,18,C
1564,-0.9008557958510768,34,B
1565,1.0602465904029374,82,A
1566,-0.0272110723277945,26,C
1567,0.4078258463287694,39,C
1568,0.5567473158193174,68,A
1569,-1.5171907649015917,98,A
1570,-1.872974114472,6,B
1571,1.0335636794223106,96,A
1572,0.1437101468033829,12,C
1573,0.1561702884485444,45,B
1574,-0.6038520959624959,6,C
1575,-0.1860261741723997,71,B
1576,-1.0712052241901815,80,B
1577,-0.2552627099712044,38,A
1578,0.3559890516496503,81,C
1579,0.2094591058476824,14,C
1580,0.4512391954732901,16,B
1581,-0.1989998659855156,6,C
1582,-0.2163626867073055,24,B
1583,0.5545120234412677,8,C
1584,-1.317713554673812,31,A
1585,1.5401027329291412,2,A
1586,0.9246494183309096,18,B
1587,2.1294351322651,29,B
1588,1.769067662971277,28,A
1589,-0.497256156810238,16,A
1590,1.2925940556144533,31,B
1591,-1.953511309026984,99,C
1592,-0.0668881030744949,32,B
1593,0.4155577144048408,96,B
1594,1.2223503132262128,28,C
1595,-0.2688262390373626,37,C
1596,-0.9363038693883968,85,A
1597,2.4812019977218895,46,B
1598,-0.3850329990003783,10,C
1599,-0.311764108673188,97,C
1600,2.1493362266103815,72,C
1601,0.0529315583829424,46,B
1602,-0.1360360786629781,80,B
1603,-1.4851242901845096,97,C
1604,1.8887439363319152,59,B
1605,-0.1060064060627454,95,B
1606,-0.9352352579804412,6,A
1607,-0.7482571445255793,85,C
1608,2.3995046848235084,53,B
1609,-0.4802281000830065,50,B
1610,0.2592663104071753,12,A
1611,1.7417660967489783,18,A
1612,-1.795305543629346,53,B
1613,0.5931773312039388,85,C
1614,-1.2824502234577433,27,C
1615,-0.7407398854126487,68,C
1616,0.6910339876888001,36,B
1617,-1.2638829386411476,1,B
1618,-1.1387196753362927,56,B
1619,0.0878395341820433,29,A
1620,0.5227775310592986,59,C
1621,-0.0537890933967733,83,B
1622,-1.5734132063316888,99,C
1623,-1.201740691786915,68,B
1624,0.0378714163610648,89,C
1625,-0.4990607032209674,85,A
1626,-0.3365804754177232,97,A
1627,0.969375962643229,86,B
1628,0.6388905107612008,75,B
1629,1.192202066535047,16,B
1630,-1.0116198908863223,3,A
1631,2.2046161102377964,82,A
1632,-0.590352093464977,95,A
1633,-0.3127547740325548,7,A
1634,-0.6632168578547281,27,B
1635,0.4283061072371577,5,B
1636,-1.4040429874091649,18,B
1637,-1.6154770118362587,96,A
1638,-0.3571035784010944,91,A
1639,1.3184078987693264,69,B
1640,-0.2123852207284595,93,B
1641,-0.0982550449722382,23,B
1642,0.8987340551025208,7,A
1643,1.373810063598795,93,B
1644,-2.355428452096306,87,A
1645,0.8695596346975556,33,C
1646,-0.3073874403057301,79,B
1647,-0.1976445537237365,92,B
1648,-0.6494305346065398,70,B
1649,-0.8482467116018221,48,C
1650,0.4740391939724003,99,A
1651,0.289397147505114,54,C
1652,0.7082539237352523,12,C
1653,0.6090555700062912,1,A
1654,1.233747969443933,87,B
1655,-0.5645473442871214,94,A
1656,0.6740851443846727,81,A
1657,0.7512141602057302,82,A
1658,1.6927333662536854,13,C
1659,0.6182044089234439,44,B
1660,-0.3515346682459405,32,C
1661,-2.4123652934262796,40,B
1662,-0.2435725524760059,82,B
1663,-0.5130898856839071,28,B
1664,-1.334932226410794,17,A
1665,0.5878597341647538,34,B
1666,1.760296140312805,71,A
1667,1.893354239940643,47,A
1668,0.9710032045560322,71,C
1669,0.1291355673272354,3,B
1670,0.3849511503225194,41,A
1671,1.166972785824239,86,B
1672,0.4572261725839981,90,A
1673,0.6420043053684881,6,C
1674,0.486306397218456,60,C
1675,-0.1321657285208547,57,B
1676,-0.529567811741655,88,A
1677,-0.787063080379352,87,A
1678,-2.41463937277636,4,A
1679,0.8927557010182562,22,B
1680,-0.074406694958197,36,C
1681,-0.1590453230561929,26,C
1682,0.528459644835285,87,C
1683,-0.9682112526553728,45,B
1684,-0.9175545970169302,65,A
1685,0.2291705472538647,18,B
1686,0.4765085317233218,49,B
1687,1.613461149987557,56,B
1688,-0.1341949022945651,16,A
1689,-0.9869638264355128,66,B
1690,-0.0958819820030344,23,B
1691,0.9079535570762473,48,C
1692,0.8373334858214041,1,A
1693,1.2133236815139,81,A
1694,1.2838232492705486,75,B
1695,0.4202156912169951,86,C
1696,-1.3817117292869954,50,A
1697,-1.2857515805838973,4,B
1698,-0.3964037742342735,43,A
1699,-0.7999022794453831,79,B
1700,0.3740947408913178,89,B
1701,-0.5507435324820616,60,A
1702,0.1331380579343833,24,A
1703,0.4243202620216059,80,B
1704,0.0068117618183769,89,A
1705,2.3315050409317117,78,A
1706,-0.3810318281822223,20,C
1707,-3.9516026738652874,49,A
1708,-1.307359873200825,20,A
1709,0.0441638821004714,4,A
1710,-0.0301605951670827,26,C
1711,-0.7660187302017445,17,B
1712,0.2080378525512963,10,C
1713,-0.5437658574829733,72,B
1714,0.1721683570522581,3,B
1715,1.9670120778593916,50,B
1716,-0.9275263770569472,44,A
1717,-0.199254811298816,22,B
1718,1.0075269096993416,83,B
1719,0.0769483898537309,85,A
1720,0.9746817652524646,24,C
1721,0.8693785774218734,13,A
1722,-0.3052532950153651,9,C
1723,-0.1589562417952623,23,B
1724,-1.1329151476642192,25,A
1725,1.3585148236267388,5,A
1726,-0.5490317773982191,51,A
1727,-1.6927189973189058,7,C
1728,-0.9080390638343164,51,B
1729,1.0369742189430782,24,B
1730,-1.4200109894675206,79,A
1731,-1.7141942575470173,95,B
1732,-0.8434598823024673,94,A
1733,-0.3841305933591427,7,A
1734,-0.9713408038355114,47,C
1735,-9.658776958852356e-06,24,B
1736,-1.325705193378411,82,B
1737,1.1256004674466986,40,A
1738,-0.1685308858865953,38,A
1739,-2.108753024092767,46,C
1740,-2.307349652295296,3,A
1741,0.8082129783250097,40,B
1742,0.7450299550468571,51,B
1743,0.6872155110324684,25,C
1744,0.071707241199202,79,C
1745,-0.8796617817442776,33,B
1746,-0.4195014144810959,27,A
1747,-1.11615129615097,16,A
1748,-0.5550112645678089,21,C
1749,0.4275411771940226,19,C
1750,-0.6942330244461858,1,A
1751,0.5886733027528288,27,C
1752,0.1517506585528631,97,B
1753,0.470478904149186,10,B
1754,-0.2618076815410325,13,B
1755,0.4308885721303712,99,A
1756,0.979303031345396,33,C
1757,0.0072237171802651,38,A
1758,1.2333878614131673,43,C
1759,1.517304285948205,21,A
1760,-1.1134089352144705,10,B
1761,0.1361894537518244,94,A
1762,1.8146160804060725,53,B
1763,1.8583133270239625,85,B
1764,0.3260886843350293,95,C
1765,-0.1497982457457375,7,A
1766,-0.3225001981933628,88,A
1767,-2.839071619919973,73,B
1768,1.583868242972483,9,A
1769,-0.0665725611028213,55,A
1770,-0.5192322270717439,48,C
1771,0.9877473076966842,85,C
1772,-1.6745596848787896,59,A
1773,-1.251420024466195,29,B
1774,-0.5300435286255253,80,C
1775,0.5202477195309958,96,A
1776,-0.7356626244392369,21,A
1777,-0.9444585211895232,36,C
1778,0.4034486067896839,30,A
1779,1.0766002203583174,7,B
1780,1.2277178309872057,60,C
1781,1.4666332882514428,1,C
1782,1.107526650509698,62,B
1783,0.3353619230173776,75,A
1784,-1.2171352944949168,12,C
1785,0.5989729894868252,88,C
1786,0.4067550208996747,65,B
1787,-0.8003521416832156,10,C
1788,-1.2512090514686114,57,B
1789,-1.7552760142389672,45,A
1790,-1.0469098020968983,10,C
1791,1.5357875975657305,54,C
1792,-0.892268772439627,7,C
1793,-0.747814386101371,27,A
1794,0.6325572387956957,93,C
1795,-1.586499263901776,78,B
1796,-1.881282002134352,82,B
1797,0.757298562289097,14,A
1798,0.68502546123637,34,A
1799,0.6384030234036798,44,A
1800,0.6469737555617846,50,C
1801,-1.61377894550538,76,A
1802,0.5197058700196954,44,B
1803,-0.9377191384901746,16,C
1804,1.5629261376460095,23,B
1805,1.300566890921573,14,C
1806,0.9705190588789095,73,A
1807,0.4072095051423471,75,A
1808,-0.1363806328001004,4,A
1809,1.0689193455974288,78,C
1810,-0.2754048123261526,74,C
1811,-1.0675601451916796,93,A
1812,1.5376394026894846,94,B
1813,1.9555550250709943,30,B
1814,1.1872483350933454,98,A
1815,1.3260569539217968,6,B
1816,-0.6775682760770849,76,B
1817,0.663733522951201,24,A
1818,-0.344011797530049,44,A
1819,-2.023452299901624,96,C
1820,-1.5076528116753845,32,A
1821,1.223293278240613,18,B
1822,-0.935400705062671,91,B
1823,-0.1578397105715335,66,A
1824,1.034704766930174,18,A
1825,0.8134362303345869,85,A
1826,-1.1482364434777732,6,A
1827,0.6677773419517711,96,C
1828,0.3393904472093463,93,C
1829,0.5264200352095687,23,A
1830,-1.132522015135926,2,B
1831,0.7588870680787974,32,B
1832,1.0600114717725746,35,C
1833,0.9835999790408276,2,B
1834,-3.1263846407200826,39,C
1835,-2.061569646879947,30,A
1836,-0.4968465901748093,85,A
1837,-0.3094539089149334,55,A
1838,-0.9729852450557648,15,B
1839,-1.0600920214131673,48,C
1840,1.3761108815737066,1,C
1841,0.4200018281227436,46,A
1842,0.2534596588488157,79,B
1843,0.0055459483425948,36,B
1844,-0.6276575470542818,50,B
1845,1.252907102144823,77,A
1846,0.2489811174480209,68,B
1847,0.199091453269797,49,A
1848,-0.3734604633592281,49,C
1849,0.3856667126100221,40,B
1850,0.5144686744146708,94,A
1851,-0.0236632862912066,76,A
1852,0.6833454759739325,9,B
1853,0.9966422737750724,75,A
1854,1.2396822943848962,3,C
1855,0.4072264485096621,7,B
1856,0.7958750105696857,50,B
1857,-0.3747162542180682,65,C
1858,-0.2500375729224494,93,B
1859,-0.4670880744265719,72,C
1860,-0.011638025392033,37,B
1861,-0.8068772696459954,41,A
1862,0.7067032667604157,45,B
1863,-1.2957030288857316,73,B
1864,-0.1110276597251099,74,C
1865,-0.7137818102108895,58,A
1866,1.2098502327116798,38,B
1867,1.4453100997487949,90,C
1868,1.22216790497193,77,B
1869,0.4388103378272266,3,B
1870,0.0600401467641317,99,A
1871,-2.0895477072140896,93,A
1872,-0.8603673767657534,75,C
1873,0.930654103300458,65,B
1874,0.0354690108799038,19,C
1875,0.2152711971569274,68,A
1876,-0.2647142035160899,96,B
1877,1.3402890673591104,99,B
1878,-0.1220296216011397,96,A
1879,0.1282078724512607,59,A
1880,-0.6924335805445608,7,C
1881,-0.7348363617477204,64,A
1882,-0.2025466674766493,79,A
1883,-0.8203666270939376,81,A
1884,-0.7777729498195883,54,A
1885,-1.208078775638317,56,B
1886,-0.1569926142628475,48,C
1887,0.5472966175363743,31,C
1888,1.4478914288133755,91,C
1889,-0.0104120208206702,77,B
1890,1.0256087835997554,11,B
1891,-1.0291137561829695,15,C
1892,-0.5392337858555911,7,C
1893,0.3573358006057794,49,A
1894,-2.3556391310392093,69,B
1895,0.0986304647871399,49,A
1896,0.0901816206349803,54,A
1897,-1.5735588184999925,60,B
1898,-0.1523831351058478,98,A
1899,-1.0425669809303493,19,C
1900,0.0384875612908957,25,B
1901,-0.1754393765343478,42,B
1902,-1.2659596711176913,34,A
1903,-0.7946658815585956,29,B
1904,0.5948780989814906,96,A
1905,0.4599181930804501,56,B
1906,0.1661919186645945,56,A
1907,0.2368674282041797,21,A
1908,1.5373445557543142,47,C
1909,0.7141308310367191,52,A
1910,-1.1168632569427488,76,C
1911,0.4205659095627107,98,A
1912,0.2561625094628673,34,B
1913,-1.2063785624852992,28,A
1914,-0.2942680097802266,57,C
1915,0.4388235741874943,49,A
1916,-0.5813491695822234,62,A
1917,0.595074752688607,60,A
1918,0.0289858840506276,84,C
1919,-0.6933120836245231,8,B
1920,-0.2021682619723732,73,B
1921,-0.1323467560963344,28,A
1922,-1.5619081555418413,18,B
1923,1.7799210038159077,35,C
1924,-0.1145149056742377,59,C
1925,-1.5708149465978896,38,C
1926,1.1368278819609148,72,A
1927,-1.4847623636572207,33,B
1928,0.8429507340999955,53,C
1929,-0.383205341946535,71,A
1930,-0.0206331355464105,38,C
1931,0.8290245177480808,41,A
1932,0.4153057737245719,59,B
1933,0.7242555772188777,72,C
1934,-0.9275103032772144,5,A
1935,-1.4157722425364174,84,C
1936,0.685981515264741,93,B
1937,0.4456244323505448,3,C
1938,1.0554531631548698,22,B
1939,-1.7814366928943013,74,C
1940,2.1460464301542195,6,A
1941,-0.8913358054044684,58,C
1942,1.0786428392130838,33,B
1943,0.0739037618549704,51,C
1944,-1.26564447596441,48,B
1945,0.2853884609130664,47,C
1946,0.2149895932742354,87,B
1947,-0.8284354388426977,89,C
1948,-0.6609420630204981,77,B
1949,-0.1809391491794696,38,C
1950,1.7688367883607972,20,C
1951,0.0732645522730838,4,B
1952,1.6176918997078022,49,C
1953,1.1414610824635627,91,B
1954,0.9240235447346142,12,C
1955,0.784823900697026,10,A
1956,-0.8381786343269825,40,B
1957,-1.6931163739256487,6,A
1958,-0.8725243941311287,44,A
1959,0.3062889453776339,90,B
1960,1.4531123037042004,34,B
1961,0.184359167044069,19,A
1962,1.287333332821391,57,C
1963,1.1775478947512414,36,C
1964,-0.7024716343045009,7,C
1965,0.8723233126552951,52,C
1966,-0.6696752215600291,33,C
1967,-0.9629920999367868,44,C
1968,0.583804354549065,21,C
1969,-0.5713106589825117,79,A
1970,0.0443565506254315,20,A
1971,-0.0495714533275882,29,C
1972,0.0599468001354662,74,A
1973,0.8845259254830039,40,B
1974,1.74639203922371,13,A
1975,0.1969891324039642,12,B
1976,0.3944445996039536,80,C
1977,-1.6922035476386688,39,C
1978,0.4344905411426409,77,C
1979,-0.6246481576125663,74,B
1980,-0.7645830186655045,5,A
1981,-1.1939935546344662,95,C
1982,0.8854245263723886,3,A
1983,1.4299602436536778,70,A
1984,2.311710698250067,70,A
1985,-0.8068728265161883,8,A
1986,-1.212620428024335,56,B
1987,0.4641413409442592,5,A
1988,0.1483232876277572,87,C
1989,-0.1774331165483033,65,B
1990,0.838881303666601,24,C
1991,-0.1529693797674601,6,A
1992,0.7816974944074895,11,C
1993,-0.1900139903902873,45,A
1994,0.1530058003937272,21,B
1995,-0.1574352099198571,77,C
1996,2.093952098033661,32,A
1997,-0.6014869812290561,52,B
1998,0.1312227290897413,66,B
1999,-0.0410787460321118,95,A
2000,1.2117398835382274,71,A
2001,0.9842178943758432,43,B
2002,0.7634952767389338,59,B
2003,-0.6200518240307518,60,C
2004,1.2609399067818172,70,C
2005,1.5265678419044335,8,B
2006,-0.8061951510078141,29,B
2007,0.0594796882463999,74,B
2008,-0.8780111681598054,12,B
2009,-0.0725670844659999,50,A
2010,-0.5491297640257489,64,C
2011,-1.1447055361509937,21,C
2012,-0.5558992252045301,1,B
2013,0.3998615114649984,41,A
2014,-0.9194752712180086,19,B
2015,0.6794726743912634,31,B
2016,0.3344855277129824,28,C
2017,-1.0861242457854483,97,A
2018,0.8643407495990764,24,A
2019,-0.2041252699880445,53,A
2020,-0.6547646035325533,70,C
2021,1.0450881589069645,43,B
2022,-0.4728654239559258,84,A
2023,0.2454703875379097,46,C
2024,-0.5281629976121913,75,A
2025,1.9504820180301496,26,C
2026,0.0727254441038025,49,B
2027,0.5033151818523378,91,A
2028,-0.9766928021213952,30,B
2029,1.147223335573753,38,A
2030,-0.149781782387444,16,C
2031,0.3539852927320412,93,A
2032,-0.3781093304764733,6,C
2033,1.0978408110242288,19,C
2034,-0.2508858380433186,32,B
2035,0.414353331519938,15,B
2036,-0.042039543572923,18,C
2037,-0.0257551933110146,19,A
2038,0.6713658134897502,63,B
2039,-1.7448626853847284,71,B
2040,0.4750768746163483,94,B
2041,1.3847163353520129,96,A
2042,-0.5626537252660516,95,C
2043,-0.6937913879099306,50,C
2044,-0.611724698629485,68,B
2045,2.38379710539693,88,C
2046,0.0910634949580639,75,C
2047,0.7404063945453752,20,C
2048,-0.9563521984988462,44,B
2049,-1.245446940421622,14,B
2050,-0.4499127041910014,8,A
2051,0.5081006415692293,61,B
2052,0.4533704293346818,41,A
2053,0.9067258468042834,79,B
2054,0.2501894066107345,8,A
2055,-1.463487510905639,74,B
2056,-0.2666552844655797,15,B
2057,0.4504106726568121,88,B
2058,0.4901361511057855,15,A
2059,-2.0709919926466873,33,C
2060,-0.0218834959909674,2,B
2061,0.9957070861453836,49,B
2062,-0.0200409827708186,16,A
2063,0.9221370207947924,85,B
2064,1.3675096602455394,73,B
2065,0.3249739155263635,37,C
2066,0.5698764095669072,18,A
2067,-0.273371013619195,67,B
2068,-0.162484027568713,3,B
2069,-0.4220478167756189,51,A
2070,1.00631987089687,7,B
2071,-0.3111080519508911,9,C
2072,1.9802861203763635,14,C
2073,-2.5567322656517337,76,C
2074,-0.0362530589901433,30,A
2075,2.538636655011326,86,A
2076,-0.2829012821961052,98,B
2077,-0.8623090867751747,2,A
2078,-0.8646826137019198,27,A
2079,-0.0842914971239076,31,A
2080,-0.1052074919048731,69,C
2081,0.4780539944975925,98,A
2082,0.4588371982478248,19,C
2083,-0.9902052852919644,71,C
2084,0.2946603062455866,86,A
2085,-0.7065527252520042,73,B
2086,1.200114254482455,92,C
2087,-1.3187548878897204,47,C
2088,1.3079725932677249,29,C
2089,0.3877024754359492,95,A
2090,-0.7470994139371064,55,C
2091,0.5669556314243268,69,B
2092,1.0125475177756245,65,A
2093,0.9536652767598064,5,A
2094,-0.3054798473417069,28,B
2095,0.4444606853105261,9,C
2096,-0.1579731285911569,87,A
2097,1.1477100769748518,78,A
2098,0.7127453248376261,50,C
2099,-0.7769005273881486,73,C
2100,-1.320074938884113,35,C
2101,0.0933773543427925,12,B
2102,-0.7750683708937538,32,C
2103,-1.3009924165929718,57,C
2104,-2.8411228914445132,18,C
2105,-0.185501769754563,24,A
2106,-1.3240968049073003,38,B
2107,0.2459982538368056,8,B
2108,1.0671930630183868,96,A
2109,-0.3184363404002767,2,A
2110,-1.6754731271793648,53,C
2111,1.1030911323580594,64,B
2112,1.3867162736802,18,A
2113,0.6429928969576154,72,C
2114,-1.6353126264952431,49,B
2115,-0.62855043648934,41,B
2116,-0.2408422391248882,58,B
2117,-0.1068741747201923,12,C
2118,0.3436498309796988,14,B
2119,-1.0185058425419369,41,B
2120,0.5212535104884928,8,C
2121,0.0789818171673963,67,B
2122,-0.7426202556023511,77,C
2123,-0.6285062252577117,64,A
2124,-1.415388461451229,1,B
2125,0.5824530578851426,18,B
2126,0.2967715817367415,17,A
2127,-1.049855816578614,86,A
2128,-0.039760386139045,71,C
2129,0.6620772527102762,34,B
2130,-0.5599911484169171,74,B
2131,-0.8278080660872887,12,A
2132,-0.453196158266593,3,A
2133,2.025502941702067,17,B
2134,-0.1498718825401577,47,B
2135,0.974186184338618,57,A
2136,-0.7259145037534382,26,B
2137,1.95685043907394,9,C
2138,0.1755876177242524,93,C
2139,-0.7751777874330368,37,B
2140,1.761993642919946,12,C
2141,1.4165574916968058,44,C
2142,-0.9317783522704663,78,B
2143,2.264762853832668,65,A
2144,0.3552480699159662,89,C
2145,0.8861552916667015,9,A
2146,0.5436194309380531,4,C
2147,-0.3670042399987503,12,B
2148,-1.2354920546724255,73,A
2149,-0.162045229257414,97,A
2150,1.6157451286595632,80,A
2151,1.5381262106410385,46,B
2152,0.577725906513098,29,C
2153,1.6609920850244122,77,C
2154,-0.2171179950647689,60,A
2155,1.580444106793926,17,A
2156,1.2807999347375194,62,C
2157,0.1010674739633262,72,C
2158,-1.4688064354033492,55,B
2159,0.7453614110587913,7,B
2160,1.2488207243624492,14,A
2161,2.1026634890968983,46,C
2162,-0.3454634393486204,13,B
2163,0.4541297404579439,14,A
2164,0.7754776786995805,33,B
2165,0.8979655484186805,5,A
2166,-0.6018752124297607,6,C
2167,-0.6680534481435572,87,A
2168,-0.7625859283768827,47,B
2169,1.056200275747174,28,A
2170,0.930425886386533,43,A
2171,-0.5152366439317183,75,C
2172,-0.3347068825660025,41,B
2173,-1.651693042000464,36,C
2174,-0.4320391903094951,87,C
2175,-0.5856881213080114,14,A
2176,-0.555999966540018,59,C
2177,0.4843180094787681,2,B
2178,0.2786556531827132,3,B
2179,-2.655096862382397,89,A
2180,0.265363274702117,12,C
2181,0.2744477999619779,90,A
2182,-1.334410072933889,72,A
2183,1.3632673843037064,44,A
2184,0.1879473889227831,85,C
2185,-0.3298234655911226,45,B
2186,-0.7213349072435299,35,B
2187,0.7330977636726429,7,A
2188,0.7534053830266242,28,C
2189,0.1917965622188254,46,B
2190,-1.6638420794648632,87,C
2191,0.2459786571690634,69,B
2192,0.0109087783541053,41,C
2193,-0.9384739857251572,58,A
2194,0.010825287726524,68,C
2195,-2.220967906939565,78,A
2196,-0.6200899796861209,74,B
2197,-0.8384853027227024,94,C
2198,1.3881885208340108,42,C
2199,-1.0978941266007496,66,A
2200,0.5682323626393117,99,A
2201,-0.4609022701454524,30,B
2202,0.7747280806045621,33,C
2203,-0.4260176641024898,9,A
2204,0.428054060175062,51,B
2205,-0.810995829785134,85,C
2206,-0.2392532435070496,38,B
2207,1.4496419172438426,43,A
2208,0.066541086299159,16,B
2209,1.4301649142097057,9,C
2210,0.798052192417922,32,A
2211,0.625115951875857,45,A
2212,-0.6576145375104295,4,B
2213,-0.9251406424810896,74,C
2214,0.9823632782400038,49,C
2215,-0.1717761236905594,96,A
2216,-0.9144370025856724,41,B
2217,-1.537405562321888,59,B
2218,-0.1113669995221012,42,A
2219,-1.989235048122632,75,A
2220,-0.4849299159160405,13,A
2221,1.1390590832915275,74,C
2222,-1.4815700176949969,90,C
2223,-0.0029690775886257,32,A
2224,0.676748461266741,27,C
2225,-1.2203806843158636,50,A
2226,-1.7514429020284703,15,C
2227,1.3044060459185156,17,B
2228,-0.9023746842516536,43,A
2229,0.455774125323902,63,C
2230,0.440167807254794,48,B
2231,0.1765963436965087,64,C
2232,-0.4205025569327023,14,C
2233,-0.0646188966487921,5,B
2234,1.1317640474396256,58,C
2235,-0.2138857576774922,13,A
2236,-0.1934969575107684,13,B
2237,-0.0813330615976738,28,A
2238,0.8689172942780083,96,B
2239,-1.297349175043454,2,C
2240,-0.3994381286913389,50,C
2241,-0.5399544143232625,98,B
2242,-0.1261094304769079,16,A
2243,-1.1158205980371425,66,C
2244,-0.093308046989821,34,B
2245,0.744270474234065,92,C
2246,-1.283898944750151,37,C
2247,0.2379172922285859,73,A
2248,0.1227944729098874,91,B
2249,-0.2284785298451708,70,A
2250,0.2806807250896385,56,C
2251,-1.4483909965319042,66,A
2252,0.333056800887051,31,C
2253,0.2025707144833637,10,A
2254,0.0935389419944198,22,C
2255,-0.940773043401399,66,B
2256,-0.617027557389747,72,A
2257,0.0997209284404522,34,B
2258,1.987240524069951,42,B
2259,0.640793862277403,73,C
2260,1.1014473377804153,81,C
2261,1.625151673370523,84,B
2262,0.7159607399081492,57,B
2263,-1.084754159878753,67,B
2264,0.4447206566303206,27,B
2265,0.2217089614705204,30,B
2266,-0.8276033948833158,47,C
2267,0.1363342951242724,6,B
2268,1.4948575886295965,82,B
2269,1.4942173688295972,11,C
2270,-0.7048930564938218,39,C
2271,-1.6680013764327517,67,A
2272,0.8463587064624584,9,C
2273,1.6699930985367657,68,B
2274,-1.1898567390308377,67,A
2275,-0.906909201117977,98,A
2276,-1.1378429819647642,56,C
2277,0.5365485115400127,68,C
2278,-0.8832234086061764,84,A
2279,0.7693555492434777,33,C
2280,0.5570443543409317,28,A
2281,-0.6124418306172131,28,A
2282,1.8297441334953664,44,A
2283,1.032534890041382,12,B
2284,-0.0709103376379731,99,A
2285,-0.2712701551699097,12,B
2286,0.6321095609289525,11,C
2287,0.1466797746687719,58,B
2288,2.669798696069443,39,C
2289,-1.393038101209467,16,B
2290,-0.7307327790679611,40,C
2291,-0.7877705834560113,41,C
2292,1.81441166934705,98,A
2293,0.5624329434635468,16,A
2294,1.068318568698739,89,A
2295,-0.0318152094527071,20,B
2296,-0.5102635756929589,76,B
2297,0.2083335770305725,25,B
2298,-0.3470258705536291,34,A
2299,0.4283107097559954,28,C
2300,-0.011618072270135,66,A
2301,-0.6537149673411958,95,B
2302,0.4644590135259361,66,A
2303,1.135146674959031,72,C
2304,-0.838685486159855,22,A
2305,-0.4145460038688368,29,A
2306,-0.8209954966835228,53,B
2307,-0.4889354821186698,6,A
2308,-0.0297523773952171,94,C
2309,0.1930461100103637,73,C
2310,0.3800811333430003,25,C
2311,-0.7599818492267307,42,C
2312,-2.563101169936446,33,A
2313,0.1590188177782208,37,A
2314,0.8224599773178357,2,C
2315,0.9820556244523986,95,B
2316,-0.5234263983986953,1,B
2317,0.0592445282836323,28,A
2318,-1.1091418480983215,96,C
2319,-1.5829586669215845,17,A
2320,-1.291023227518358,61,B
2321,2.174763629186728,89,B
2322,0.5280019364194433,36,B
2323,0.2083953085708922,28,C
2324,1.7153883626748645,47,C
2325,0.490343486424921,33,B
2326,-0.5813908663191536,3,B
2327,-0.6929103584912965,8,A
2328,-0.7431730782371541,94,B
2329,-0.2428750921301391,28,A
2330,-0.2967439196665863,4,C
2331,0.3168775004771953,38,B
2332,-0.2045059634050168,19,B
2333,1.0600016053712489,81,A
2334,0.7451230759298015,39,B
2335,0.9029754638205812,93,C
2336,0.6519558494013771,93,B
2337,-0.2380595036702156,48,C
2338,-0.0592617736720931,2,C
2339,-0.0123417578889352,52,A
2340,1.504096815104785,70,C
2341,-0.1385981300083673,48,A
2342,1.266195539540074,45,C
2343,0.1182495632510215,18,B
2344,0.5701060706293278,70,B
2345,0.9569175840465568,3,A
2346,1.455471186305135,73,C
2347,0.6138714749200137,42,C
2348,0.2033834137689197,4,C
2349,0.3903909975129928,7,B
2350,0.5560410368969698,68,A
2351,-0.6323394950655747,44,B
2352,0.7992009630009655,98,A
2353,0.4521448525875056,41,B
2354,-0.7480303865809751,37,B
2355,-0.2955109298155303,15,C
2356,-0.8255802043148035,64,A
2357,-0.6295934787974511,8,B
2358,1.3378094454858658,19,B
2359,1.0555625646293796,61,A
2360,-0.5767130273718962,56,B
2361,-0.3157542885319042,89,B
2362,-0.3386176481331583,37,A
2363,-1.3564411262942686,4,C
2364,1.1628402323650788,84,C
2365,0.3518332550232952,95,C
2366,-1.4342880178398176,29,B
2367,1.2074722132208289,55,A
2368,-1.5404220625266036,70,B
2369,-0.9295380456262528,36,A
2370,1.1547118334619175,23,B
2371,-1.430585941779064,64,A
2372,-0.810808246163859,26,B
2373,0.3393543573208187,31,C
2374,1.1070741746306896,21,A
2375,-1.3019009782069222,89,B
2376,-1.6279790445399756,5,C
2377,-0.8471720709318015,23,B
2378,0.372391622700884,80,B
2379,-1.6073862168062591,57,B
2380,1.8605895284252,85,B
2381,-2.5267627519453413,99,C
2382,-1.0942385056167268,83,A
2383,1.74739602459207,72,B
2384,-0.1709358167038321,9,C
2385,-1.5135370236526124,12,B
2386,-0.4053560355226253,77,B
2387,0.3525868350156386,4,B
2388,1.0121932957918214,6,B
2389,1.683547688024746,21,B
2390,1.0903996256220785,76,A
2391,-0.6876878317143233,24,C
2392,-1.0544941526090612,32,C
2393,-0.8121969995549897,11,C
2394,1.3476489880934115,9,C
2395,0.3237716089018097,21,B
2396,-0.1487571959131521,69,B
2397,0.276349727853838,14,C
2398,-1.1807743099211492,52,C
2399,2.504095064741936,46,A
2400,1.534274833905868,1,A
2401,1.6836397558789522,87,A
2402,-1.204113692110223,16,B
2403,0.0880940245758122,44,A
2404,0.3500702592091473,34,C
2405,-0.6084461886271119,28,C
2406,-0.1788136747398807,49,C
2407,-1.7786404438537846,3,B
2408,-1.0955481181183195,47,C
2409,1.616562907783762,80,A
2410,0.0880531239784206,83,C
2411,-0.0214453267436936,48,B
2412,2.4844709695823037,95,B
2413,-1.6261991416287862,43,A
2414,0.3234968207236102,74,B
2415,0.6237547966641614,18,A
2416,-0.2859221780429631,58,B
2417,-0.6522819923580685,94,C
2418,0.5745469433569714,81,C
2419,0.6348753923691813,93,B
2420,-0.6765608760131042,37,B
2421,0.999854393061016,6,B
2422,-0.8975745445475712,87,B
2423,1.4880681175305694,61,B
2424,0.2906948955703007,94,B
2425,-1.0218290200071378,20,A
2426,-0.5940847935691924,56,C
2427,-1.7065320635587415,19,A
2428,0.4221889957076096,76,B
2429,0.4980212967108276,26,B
2430,-1.4333352667613,11,C
2431,0.1861484561966539,10,B
2432,0.0824326378440173,91,A
2433,-0.2688079954523832,40,A
2434,1.1066552822180762,59,C
2435,-1.11471124686377,11,A
2436,-0.354590062205098,94,C
2437,-1.1817559342737125,93,A
2438,-1.1335647535834683,40,A
2439,-3.098503582126141,64,A
2440,0.5863770250144067,76,C
2441,0.6048139185680054,9,C
2442,0.986257980567763,84,C
2443,1.284203047828513,86,B
2444,-0.0746850446325942,76,A
2445,1.274843738644776,9,A
2446,0.6246717721016792,8,B
2447,0.2096590760917526,68,A
2448,0.0413604720435691,99,A
2449,0.5690785161247535,37,A
2450,1.2418781537575858,8,B
2451,0.3434924322451637,88,A
2452,0.2580293985552171,13,C
2453,1.378981220032948,71,B
2454,-0.920581922717188,57,B
2455,-0.0799822227273783,40,A
2456,0.2585945637912927,92,A
2457,1.8840490746113063,19,B
2458,0.268613248409322,49,A
2459,1.5068498463980726,80,B
2460,-1.1269779985754744,70,B
2461,0.8871932091405506,89,A
2462,0.6703071439149667,74,C
2463,-1.1491967585008005,44,C
2464,-2.1246312513830996,58,B
2465,0.3101788791193014,84,A
2466,0.6523258238697528,44,C
2467,1.206593841786534,49,A
2468,-0.5765937795589586,66,C
2469,0.4360957573409055,76,B
2470,-0.0050026227283914,45,A
2471,-0.7999214234702552,9,C
2472,2.281736891930611,86,C
2473,0.1897926710538753,55,C
2474,0.5742651084961066,35,A
2475,0.5439955740901532,44,A
2476,1.140741636922938,87,A
2477,-0.7962936263978954,64,C
2478,2.440244555874756,98,B
2479,0.0724353884410567,3,C
2480,-1.265026670006633,89,B
2481,0.1203029832204112,17,A
2482,0.1802106111308511,90,B
2483,-1.505269482630129,27,A
2484,0.579603579282802,52,A
2485,1.780684959307078,39,C
2486,-1.2488570373413603,13,C
2487,1.2873315628865392,21,A
2488,0.2799521406052487,66,C
2489,0.2274896812249696,63,A
2490,1.016929289599508,24,A
2491,-0.4539996926355211,6,C
2492,0.3894931316762157,57,C
2493,0.4740968576201986,45,A
2494,0.3935116577144678,19,B
2495,-0.6921885189867933,72,B
2496,2.3556807910587536,64,A
2497,-1.4277859288823884,66,A
2498,0.4762469931828555,13,A
2499,0.8096815185018205,81,B
2500,0.4290473321610705,51,A
2501,-0.1765124475014825,47,A
2502,0.7651291802703472,9,C
2503,-0.1418037776476862,92,A
2504,0.0862068960601721,40,C
2505,-1.5552500308408406,33,B
2506,-0.4266675290256235,39,B
2507,1.4948131490426553,59,A
2508,0.8419114805029386,58,B
2509,-1.2017583966856815,30,A
2510,-0.9100513400989176,11,C
2511,-0.6541931726091598,91,A
2512,-0.8012701101033004,59,B
2513,-0.0380317590205387,89,C
2514,1.3260748383487857,62,C
2515,-1.2641567264340652,75,C
2516,-0.3638797927667905,16,C
2517,0.6501593304440262,96,B
2518,-0.5880572427603428,83,B
2519,1.0606568679359385,55,B
2520,1.0640935347146927,52,C
2521,0.2403967256215173,59,A
2522,0.8523014302501442,23,B
2523,-0.5608513442094859,43,A
2524,0.6636383987056521,10,A
2525,0.4403457506374215,42,C
2526,-1.0861955758621755,77,C
2527,0.0613388819145203,19,C
2528,-1.3392215241366434,98,B
2529,0.1638239858958307,24,B
2530,-0.8339762621274299,87,C
2531,0.0616486085058669,55,B
2532,-0.2696441200065086,85,A
2533,-0.4826089747607841,32,B
2534,0.3481874372762522,20,A
2535,-0.4634043396989825,14,C
2536,0.650094646264917,36,A
2537,1.0920801734601049,58,B
2538,-2.060768752638356,51,B
2539,1.7895624777837222,70,B
2540,0.6227094260828232,53,B
2541,-0.7993307594493074,91,A
2542,0.6094546043988885,75,C
2543,1.344825883870749,18,C
2544,-0.1536804518017357,13,C
2545,-0.3518966687584388,52,B
2546,-0.6563069221920247,85,B
2547,1.036148023149315,37,B
2548,-0.4506354412511643,66,B
2549,-0.0261452544723278,22,B
2550,2.3112540383328604,5,B
2551,0.8554634750615281,56,C
2552,-0.3435542373581433,76,C
2553,1.0401662703601149,5,C
2554,0.02537778282573,11,B
2555,1.197556767563084,32,A
2556,-0.790191985343724,93,C
2557,0.8249091464740327,21,A
2558,-0.1665149284832983,48,B
2559,0.1279452411148361,38,B
2560,-0.1411543372730147,62,A
2561,-1.2659039587899277,81,C
2562,0.8893441423764006,62,B
2563,-0.7127695842116016,34,A
2564,-0.7524884085048036,34,A
2565,0.5732076293872459,34,C
2566,0.8190557590225224,94,C
2567,-0.0607249591262931,85,B
2568,0.3254587526774751,4,C
2569,-0.3809578925275513,99,A
2570,-1.6906434533509829,79,C
2571,0.0064131561692256,48,A
2572,1.6574606772148337,88,A
2573,0.9495107090891358,46,A
2574,0.4991572582227326,19,A
2575,0.532019168470924,54,A
2576,-0.4555550748309619,3,B
2577,-1.1523951967928392,8,C
2578,0.966032123554006,69,B
2579,0.8469981057128739,29,A
2580,0.5813136323394457,47,A
2581,0.6899758397797948,95,C
2582,-0.2055748417551995,23,B
2583,-1.9709207333449872,15,B
2584,-1.6940334530458323,58,A
2585,-0.8610738829600122,56,B
2586,1.6414365494792218,36,B
2587,0.3677201159006644,41,C
2588,0.6732351499325808,81,A
2589,-1.1640166978187838,44,B
2590,0.627651094013534,67,A
2591,0.0565117055148871,82,A
2592,-0.7623100952704839,37,B
2593,-0.7080885094044144,80,B
2594,-0.1596592869978088,63,B
2595,0.6977206351724755,74,B
2596,0.9836743795112782,46,B
2597,-0.1003240753095653,92,A
2598,-0.5048571473382549,51,A
2599,-0.0922947684892861,84,B
2600,0.9841977640156412,3,C
2601,0.031300623620436,74,B
2602,0.2615875611445061,4,A
2603,-0.7743074944261696,63,B
2604,0.2785225135589526,13,A
2605,1.378548420687956,66,C
2606,0.1205948656838878,57,C
2607,0.4070357047654331,25,C
2608,-0.9918676281080852,7,B
2609,-0.2973563394761224,78,C
2610,-1.7852105363068906,92,B
2611,1.4351008939629826,54,C
2612,0.4145628620271259,52,C
2613,-1.7440853678181178,84,C
2614,-1.462004050515804,38,C
2615,0.3465674261017591,57,C
2616,0.0680600176541792,73,C
2617,0.9746214229886296,67,B
2618,-0.790732004618296,70,B
2619,-0.6439703859439359,67,C
2620,1.181378176052665,1,A
2621,-0.5441816826360326,47,B
2622,0.0994067946759451,21,A
2623,0.3070515966011312,14,B
2624,1.9513445182805615,14,A
2625,-0.514625001705436,33,B
2626,-0.4694236704167016,17,A
2627,0.5982232464093044,38,B
2628,-1.602719555212817,94,A
2629,-1.918234956436568,51,B
2630,-0.6101824778817154,28,B
2631,0.7042839394050392,23,A
2632,-0.6886083014389851,56,A
2633,-0.3484295345982893,25,A
2634,0.0099436121237952,3,C
2635,-0.4086072690306161,26,B
2636,-1.371823910379251,85,B
2637,1.0245479391335257,78,A
2638,-0.383322990416885,47,C
2639,-0.6923646578719795,30,A
2640,-0.1486763211779963,60,B
2641,-1.1475765434693546,78,A
2642,0.6862223608032977,55,B
2643,1.202007194008049,37,A
2644,0.1250579302136163,24,C
2645,-0.9545551849356336,17,C
2646,0.1732324470134459,99,B
2647,0.3185245525384459,86,A
2648,-0.4085066077446707,88,B
2649,0.8132319849718214,42,A
2650,2.693045846061867,24,A
2651,-1.0855297337118484,54,C
2652,-0.1076460175045579,91,A
2653,-1.0131618614682234,66,A
2654,-0.8084372313767563,12,C
2655,1.1613010501174217,4,A
2656,-0.2254846810904156,8,A
2657,-1.288724802914483,84,A
2658,-0.1506355311441474,31,C
2659,-0.7185414215789206,44,B
2660,0.2328515501281592,60,B
2661,-0.8997455553812723,65,C
2662,0.128270546216521,92,B
2663,0.2975665545794634,84,B
2664,-0.6039892092376554,14,A
2665,-1.5868806311329051,88,A
2666,0.4471863096949539,61,C
2667,1.0242222272264612,92,C
2668,2.082885090066065,20,C
2669,0.0156459041255021,51,B
2670,-1.133070369118629,23,C
2671,0.7830724249633338,60,B
2672,0.0802224703593121,85,B
2673,0.2735920750316397,7,B
2674,-0.4107111843958294,38,A
2675,-1.4539591209734424,45,B
2676,0.8532349110534129,99,B
2677,-1.6204619544634162,25,B
2678,0.3489981081056816,35,A
2679,-0.7985794159620629,58,B
2680,-0.7159197013865223,95,A
2681,1.9266226568864409,62,C
2682,0.2918349266955479,81,A
2683,0.2966816435144347,55,C
2684,-1.8501106782760688,19,C
2685,1.3035985259743472,82,C
2686,-2.0722610228351397,38,B
2687,0.3381719998806841,73,C
2688,-0.0811001705462236,45,B
2689,0.5688867406092313,26,B
2690,0.4695859132840436,80,C
2691,-0.6388140467693852,93,C
2692,1.8633119981665869,28,B
2693,0.2770802932699716,3,B
2694,-0.0134358195254144,54,C
2695,-0.017232108660428,9,B
2696,-0.510350006666904,7,C
2697,0.5136815581499564,44,B
2698,-1.416159707569313,15,B
2699,0.3388136313555993,24,C
2700,-1.2174283000973465,90,B
2701,2.9189424233117447,21,C
2702,-0.4675027273058791,82,B
2703,0.2137889867182988,58,C
2704,1.343706522094309,29,A
2705,-1.1196373056908728,27,C
2706,-1.8098123052399648,36,A
2707,2.962015645889585,66,C
2708,1.134840384680499,35,C
2709,-0.6071773176784466,4,A
2710,-1.2850085754279583,44,A
2711,-1.1970256083920496,27,C
2712,0.3554767183882256,90,A
2713,-0.2153733593192617,24,A
2714,-0.1696243596065642,55,C
2715,0.4078853686489348,15,B
2716,0.332399701194285,24,C
2717,1.2571118332154336,74,C
2718,-2.095967526879226,63,B
2719,1.1861126990778967,17,B
2720,0.7980976924053158,64,A
2721,-0.6581368534039956,74,B
2722,-0.8305878387093064,22,B
2723,1.6237524540541093,24,B
2724,-2.1678160119417473,82,A
2725,-0.3249840855394885,55,C
2726,-0.9665120723405654,4,C
2727,-1.464032279817738,88,B
2728,0.249729540865369,73,C
2729,-1.5720344539126423,2,A
2730,0.768982793621165,46,A
2731,-0.2173932067502323,37,C
2732,-1.312621533441691,22,C
2733,0.6612481031098959,98,B
2734,-0.464984170648111,93,B
2735,-1.2934115132286237,81,A
2736,0.7372277535233227,38,C
2737,0.5465187719826929,40,A
2738,-1.1602731496173972,32,C
2739,-1.4966189237573273,62,B
2740,-1.1503807901422554,2,B
2741,-0.0462994027736063,92,B
2742,0.3255260463325681,92,B
2743,-2.0223484314880875,9,B
2744,0.9612621194041128,56,B
2745,-1.4282688848544465,38,C
2746,-2.2294379002483526,81,C
2747,0.3775203824793234,18,A
2748,-0.020987275102277,60,B
2749,-0.339190988565514,10,C
2750,0.0222769193997083,16,C
2751,-2.469100927401284,29,B
2752,-0.8211914246987947,40,A
2753,-1.8531188737193016,87,A
2754,0.4448275238562144,35,B
2755,0.0938008864259179,88,A
2756,0.6527914981539459,71,B
2757,0.519848971834857,43,C
2758,0.309795706156232,32,C
2759,-0.8472182336237034,68,C
2760,0.244913483383542,69,C
2761,0.7254723111929231,30,A
2762,-0.6633031782238319,76,C
2763,-0.947457392919413,72,C
2764,0.0304338044502037,88,A
2765,0.1241023560271677,45,C
2766,-0.5362973691086854,29,A
2767,0.0078290579247236,32,B
2768,0.4470417981912779,74,A
2769,-0.0553343242707887,94,A
2770,0.2065472179479655,29,B
2771,1.9699836517519425,69,A
2772,-0.2222539549530726,66,C
2773,-1.8260535438722607,56,A
2774,-1.311320161260341,83,B
2775,1.2159460731586926,61,A
2776,0.1682414127907739,19,B
2777,0.3484354406268524,70,C
2778,-0.3376278858423553,11,B
2779,-1.2398552941200327,34,A
2780,1.802745853732304,3,B
2781,-0.9212799359601932,4,A
2782,0.0715093935723846,30,B
2783,-0.0303515881776456,9,A
2784,0.1228142869116649,47,A
2785,0.5106995794331903,53,B
2786,0.3422642603919938,57,C
2787,2.004717444588044,85,A
2788,-1.320409366909723,53,A
2789,-0.0709330368532857,20,C
2790,-1.0574330092806932,34,B
2791,-0.110887505868308,87,C
2792,-1.7110055498732175,18,C
2793,-1.9502760528900285,61,A
2794,1.6747930873613426,17,B
2795,0.0218995972368914,40,C
2796,-0.3352507134795239,60,C
2797,-0.8304153883062579,1,B
2798,-0.704111327258324,87,C
2799,-1.2852123549497283,31,A
2800,-0.9663398767932032,12,B
2801,0.1334766036560635,85,B
2802,0.4666001850967765,51,C
2803,-0.2440072543660439,98,B
2804,-0.0448489757665796,7,C
2805,0.7127097625497826,30,C
2806,1.5054450209937735,73,A
2807,1.2267173489270744,87,B
2808,0.0710604642651921,88,C
2809,0.261174611216403,20,A
2810,0.0423942218615108,32,C
2811,-1.1463990627531395,89,C
2812,0.510702142604382,57,C
2813,0.4937009268107954,22,A
2814,-1.0828514115311747,74,C
2815,-0.4211809785347366,42,B
2816,-1.045959830936139,73,A
2817,-0.2647651701795117,65,B
2818,-1.800027139752037,8,B
2819,0.5195543510028454,47,A
2820,0.3259754544477862,16,B
2821,0.2072213234086066,79,B
2822,1.5623672630109686,12,A
2823,0.2591668080104904,73,B
2824,0.4903801864389781,71,B
2825,0.5251545416096562,30,C
2826,2.0305667290235077,18,A
2827,-0.1538155438706826,29,A
2828,-0.3937922036610971,85,C
2829,2.2207080664661674,78,B
2830,-0.2596013417847482,62,C
2831,-0.7519816399230134,89,A
2832,1.4167771686535182,95,A
2833,-0.6715968065271283,5,B
2834,1.3493300875000742,11,A
2835,0.0909596206086518,21,A
2836,-1.0287450921099648,43,A
2837,-0.4599080158217571,5,A
2838,-0.6128867672230447,8,B
2839,-0.3655057337563409,99,A
2840,-2.1414443875586233,47,B
2841,-0.1044832865781171,81,B
2842,-1.0022311942351525,22,B
2843,0.9682057295183916,15,A
2844,-0.2750228844069642,53,B
2845,0.7725701762651231,14,A
2846,-0.0122113148135636,11,A
2847,-1.146427340242995,86,C
2848,0.1874828575632191,61,B
2849,1.4083985817692333,81,C
2850,0.4340815247263661,1,A
2851,-0.0569126679465557,96,C
2852,-0.0256532509794782,20,C
2853,1.2295676762205614,36,B
2854,-0.097516223908587,56,A
2855,0.1350274018101403,36,A
2856,-1.3900458760223164,81,B
2857,-1.1489392489901928,27,B
2858,-1.0838802905741385,19,A
2859,-0.6306196750686934,28,C
2860,-1.8042971959076264,52,C
2861,0.5308245293738739,3,C
2862,0.1538914903802195,91,A
2863,-1.5118065584620008,39,B
2864,-0.2020054726055858,54,A
2865,1.8939291486272805,37,A
2866,-0.4677796867554432,26,B
2867,-0.4380395835713323,80,C
2868,0.3089956780676848,75,A
2869,0.7082606427673485,70,B
2870,0.7965796278735365,25,A
2871,-0.1955030135234552,18,B
2872,-0.4120756767428877,38,A
2873,0.1734923310605815,33,C
2874,0.4601122231803661,24,A
2875,0.653051466910424,66,C
2876,-0.5481428702005903,97,B
2877,0.1877520651754781,16,C
2878,-0.1710070947114223,49,B
2879,-0.0064774320411631,10,B
2880,-1.8622227679749412,12,A
2881,1.409015569495485,74,C
2882,-0.3037941909455576,83,C
2883,-2.788369421563016,2,B
2884,-2.0024684504024215,60,A
2885,0.7074565448028916,94,A
2886,1.530125286571539,87,A
2887,-0.4957334688532766,43,A
2888,-1.9527728669195883,56,C
2889,0.4148165114735436,8,B
2890,0.4441039946144413,44,B
2891,1.2068031780592494,28,C
2892,-1.350973537326727,3,A
2893,-2.1342360621557668,26,B
2894,0.6306548459969746,92,C
2895,-1.0132863315613605,79,B
2896,-0.0734130384516843,97,C
2897,1.860032098081317,69,C
2898,0.7591467059648555,89,A
2899,-0.7003505071069115,83,C
2900,0.1251718099084521,51,A
2901,-0.1886798195838145,22,B
2902,0.3690904570775706,2,B
2903,0.6181883507992602,39,C
2904,1.8241828264934303,11,B
2905,0.5649757271866142,58,C
2906,0.7532118604354164,21,C
2907,-0.0802914639359896,74,A
2908,1.1526903597983147,22,B
2909,-0.142543975712202,25,B
2910,-1.9956877917439964,55,B
2911,1.6671609840656914,26,C
2912,-1.1225449247322026,86,A
2913,0.0645391178094147,35,B
2914,-0.984088806452626,29,B
2915,-0.3027583769180488,32,C
2916,0.0797133656998779,3,B
2917,0.0784778950541472,27,B
2918,2.0627770812167374,38,B
2919,1.2681947206920552,22,C
2920,-1.6711064571514609,52,C
2921,0.0997583744175037,19,B
2922,0.8655349478841253,27,B
2923,-0.1390722785159071,64,B
2924,-0.6927717580366836,34,C
2925,1.29289823390741,1,C
2926,-3.3324948579690212,79,A
2927,1.1103339485078774,99,B
2928,-0.2013333275560059,48,C
2929,1.1635795965959197,55,C
2930,-0.4107323607721104,15,B
2931,0.9480022375505878,27,A
2932,0.2015457297133605,9,B
2933,0.2397019023404507,53,B
2934,1.097411825483051,60,A
2935,0.5265969832943216,11,A
2936,1.4025753568974175,37,B
2937,1.2189993589835062,80,B
2938,-0.0110419259937378,17,A
2939,0.6630693338293869,59,A
2940,-1.1625161781193714,1,C
2941,1.0795119989410429,86,B
2942,0.6601427059111288,12,B
2943,-0.1196358063975456,84,B
2944,0.6057663838423164,29,C
2945,0.701039631953301,43,A
2946,0.0692943710625274,48,A
2947,0.1159220596106493,31,C
2948,0.7903435082703206,89,C
2949,0.2690038807508739,60,A
2950,-1.8209070994945176,43,A
2951,1.569927524570001,69,B
2952,0.0414936989844765,97,B
2953,-0.1507042518977741,49,B
2954,0.4063484029051986,73,C
2955,-0.0227484142123123,25,C
2956,-0.2199076613533781,73,B
2957,0.5955500398070018,5,C
2958,-1.1855027355086585,81,C
2959,-1.3470827282182705,23,B
2960,0.2649493522248193,64,A
2961,-0.0894928587978068,67,C
2962,-1.3491603276469983,48,C
2963,-0.0776823507749818,28,B
2964,-0.5673037172396268,17,A
2965,1.2744016121118942,34,B
2966,0.0820538752490462,64,C
2967,-0.1525363110073627,51,A
2968,-0.0602894955529758,97,A
2969,-0.8174994305522286,22,C
2970,0.0449068547559453,16,A
2971,-0.1894589098334348,48,A
2972,0.0498024732455669,20,B
2973,0.1866341730013497,48,A
2974,-1.4556351855755367,57,A
2975,-1.8837933862459524,31,B
2976,-1.4227216648622638,11,B
2977,1.3370331680587209,25,B
2978,-0.6423287713635294,50,B
2979,0.4820926668496286,28,A
2980,-0.7059970261909975,90,C
2981,0.3079494254921492,83,A
2982,0.7910056138819093,82,B
2983,-0.6820865775971396,57,C
2984,-0.6648462800455383,86,B
2985,1.7778391071049928,12,C
2986,-0.7441154302555179,95,B
2987,2.5699315348946996,12,C
2988,0.023463247343445,46,A
2989,0.5474965225716314,29,A
2990,0.2417246327613314,85,A
2991,-0.0820683531093061,8,C
2992,-1.6534216690117458,11,B
2993,-0.2101488979614291,98,B
2994,-2.0371178687320737,59,C
2995,0.651650286550226,41,C
2996,1.8054761577154603,91,C
2997,-0.1930919839398551,55,C
2998,-0.8518361041735907,68,A
2999,1.4551769677976774,85,B
3000,-0.6258432300444183,8,A
3001,-0.332764391259498,28,A
3002,1.6612366062190524,94,C
3003,-0.1946768982191712,60,C
3004,0.5167180598638231,40,C
3005,0.6668739677263773,67,A
3006,-0.5635346607873176,64,A
3007,0.0317086253326163,58,C
3008,-1.9953665260673092,94,B
3009,0.9754771838205258,33,A
3010,1.3396919478703682,58,C
3011,-1.4047882329128811,71,B
3012,-0.5970477655223337,18,C
3013,1.939439029061477,62,A
3014,-0.1741888379252879,14,A
3015,0.7911243674765571,9,C
3016,-0.4483869931103281,62,C
3017,-0.7028865993755349,74,B
3018,-0.7502914625363669,84,A
3019,-0.5578569987718422,48,C
3020,-0.4152677876444963,14,C
3021,1.512518815742417,89,A
3022,0.7283335498685282,59,C
3023,-0.2924200974409928,66,A
3024,0.7823972099852715,54,C
3025,-0.5751544234302693,82,B
3026,-0.6759092297894339,74,A
3027,1.1119630149031998,74,A
3028,1.3697514329019909,87,C
3029,0.0352759650014409,43,C
3030,0.3721413514019359,75,B
3031,-0.0186129936296357,80,B
3032,0.9264026893860507,74,C
3033,0.5593571705041398,80,C
3034,-0.6559183656280596,17,B
3035,1.056800663342783,9,A
3036,0.3505069436503008,71,C
3037,-0.2507904815597188,41,B
3038,1.2268932507541748,24,B
3039,0.7654478533632144,37,A
3040,0.261648939895551,85,B
3041,-0.9805266692559532,92,B
3042,1.4813038852481952,6,B
3043,-1.0545255158639888,21,B
3044,0.9530294587870166,44,B
3045,-0.1183668779954594,22,A
3046,-0.2671463487006046,65,B
3047,1.0401409620795985,4,B
3048,0.1874704314353796,73,C
3049,-0.1210623094614998,41,C
3050,1.725813440582714,53,A
3051,-0.8992801110994276,32,B
3052,-0.6569792644983815,18,A
3053,-0.7021940495368797,55,C
3054,-0.0484306398778094,98,B
3055,0.0494960917705726,53,A
3056,-1.8259672746718616,56,A
3057,-0.0074131178297712,81,C
3058,1.8588380143287824,69,B
3059,-1.5763367089428175,7,A
3060,-1.350655889710876,76,A
3061,0.0405387799057498,66,A
3062,-0.9511219211852956,10,B
3063,0.1897992890529908,25,A
3064,-0.0270726938386321,73,A
3065,0.2428910447130996,95,C
3066,0.1816500902825601,3,A
3067,0.426118259404117,48,B
3068,1.105561099400831,13,C
3069,1.030425247740265,75,C
3070,0.4551606860678596,51,A
3071,-0.7579311577656118,17,B
3072,0.5440137431537092,24,C
3073,-0.6375095396646852,83,C
3074,0.8891223708199067,70,B
3075,0.2002858639026338,80,A
3076,-0.440397695564376,17,C
3077,0.3376132819203524,89,C
3078,-0.2662058178006844,87,A
3079,-0.6168499436534284,97,B
3080,-0.1068691724046779,91,B
3081,0.6163446223449774,11,C
3082,0.9887267011555312,2,B
3083,2.1859025796406324,11,B
3084,-1.6364397138959614,11,B
3085,1.0178389972121642,23,B
3086,0.6385358880141082,88,C
3087,0.2914628084653472,38,C
3088,0.8504388715075181,55,C
3089,1.2010698624968768,81,C
3090,0.4209627942529985,36,B
3091,-0.1317693917127443,78,B
3092,-0.901211445159276,88,A
3093,-0.3801521315104447,78,A
3094,0.3768755737154542,72,A
3095,-2.714617576440082,97,B
3096,-1.0391516072821676,89,B
3097,-0.1031829604531418,57,A
3098,0.5982638693595418,70,A
3099,0.6111827146348435,2,B
3100,-0.1223202445721223,86,B
3101,0.6487505228469184,46,C
3102,0.8949556510430535,69,C
3103,1.00851628093905,69,A
3104,-0.4903795349510033,40,A
3105,0.5941204717148227,31,B
3106,0.6529555289954969,9,C
3107,-1.9482876344761408,4,A
3108,-0.0286188650201499,62,B
3109,1.316971158622979,64,A
3110,1.650716206158491,11,A
3111,-0.0011350187990669,45,C
3112,-1.124317732918444,56,C
3113,-1.424046331184757,85,A
3114,0.0199994079625281,20,C
3115,-0.0221016250325304,44,C
3116,0.8142327261479356,24,C
3117,-2.80458731114892,84,B
3118,-1.3403774872132452,50,B
3119,1.1651171339419146,58,A
3120,-0.5230978097991865,10,C
3121,0.8131325356766449,74,A
3122,1.9884628744800912,86,B
3123,-0.8574260134904647,93,B
3124,-0.6218885118958857,63,B
3125,0.0508435883714174,28,C
3126,-0.2128505675309387,83,C
3127,0.452429336723328,49,A
3128,0.701455441608507,33,A
3129,-0.5397053466978255,15,C
3130,-0.926848066741524,84,C
3131,0.1102063826474196,70,A
3132,-0.5743496437979192,40,A
3133,-0.9051903735879536,28,A
3134,-1.033611924086252,87,C
3135,0.0131533096932552,94,A
3136,0.5826626410189958,75,C
3137,0.3965878192328869,80,A
3138,1.1191951028069762,27,B
3139,-0.2953345993400729,96,C
3140,1.7266798800069787,93,B
3141,0.5154198835641051,61,B
3142,-0.1573829297158937,55,A
3143,-0.3273557699411465,21,A
3144,0.370435239915804,73,B
3145,-1.9596461763769897,35,B
3146,-0.9904535631674278,75,C
3147,-0.1778598278560746,29,C
3148,0.7934913128551756,46,B
3149,0.9594818526221556,48,A
3150,0.2296501765118783,55,A
3151,-0.5746818057380984,44,B
3152,-1.4832788251344162,37,A
3153,-1.2467655728197944,51,B
3154,-0.8863841267222108,34,A
3155,2.89048838943891,46,B
3156,0.473912944771189,2,B
3157,1.110851393816451,44,C
3158,-0.4704834385753146,94,C
3159,-0.0292055385169625,51,C
3160,0.7991220865140869,14,B
3161,-0.3978870593959651,33,C
3162,1.1233354190799305,31,B
3163,-0.5194247856884595,58,A
3164,1.1425715943719146,3,C
3165,0.8174096597507152,61,C
3166,1.0040709609664646,2,B
3167,-0.3276611276852227,42,B
3168,-0.1975042638684746,7,A
3169,0.0810709792414586,19,C
3170,1.016196892790411,60,B
3171,-0.0349179756679995,6,B
3172,-1.6148817477591142,21,A
3173,-0.2207612515373752,23,B
3174,0.6785369775528585,77,A
3175,-0.075522942114546,54,C
3176,0.0587083750732583,57,C
3177,0.5672109303067523,53,C
3178,-0.8731091135041583,40,C
3179,0.9744374139860662,61,B
3180,-1.0891928883923578,6,C
3181,0.5746767790076258,51,A
3182,-1.1439717411558428,99,C
3183,0.5777035729578754,9,A
3184,1.4123804718112358,68,A
3185,0.1311920040047795,19,C
3186,0.5660277422887245,31,B
3187,0.0476462771568404,4,A
3188,0.0323175127416795,16,B
3189,1.951744015037707,43,B
3190,0.920037735873556,92,A
3191,-1.6918286530381434,30,C
3192,0.2193672162936093,77,A
3193,1.5129515112471574,26,A
3194,-0.028976204639219,97,A
3195,-0.2051264610913193,74,A
3196,-0.2469609806934054,7,B
3197,0.0239782907825123,8,C
3198,0.0297296281342991,19,B
3199,-1.3222154676136353,40,A
3200,0.8323661621986517,50,B
3201,-0.0769357497579855,36,C
3202,1.306291871033717,42,B
3203,0.5703841997422407,45,A
3204,0.2777159538065528,65,B
3205,-0.1872052194702128,52,A
3206,-0.357864880577484,27,B
3207,0.2953682036173554,45,A
3208,0.0590122917972987,42,B
3209,0.0637682472562276,37,C
3210,-0.869581082369044,66,B
3211,0.8295546373591328,60,C
3212,-2.087560590129171,77,C
3213,-0.1288728306234908,88,B
3214,-0.0060560984916706,61,C
3215,-0.7890303260531883,1,B
3216,-2.8148601189539284,20,C
3217,-1.0654693550202494,91,B
3218,-2.2195275967594124,68,A
3219,0.0797205094840199,73,B
3220,0.1650674905342229,74,A
3221,-0.4788955409035886,86,A
3222,-0.545221605822981,14,C
3223,-1.013234994417838,66,C
3224,1.391131813298625,71,C
3225,0.2599930694867395,5,A
3226,-1.7344522517490268,7,A
3227,-1.32469054649168,56,A
3228,-1.5669982004548264,48,C
3229,2.201716595281767,63,A
3230,0.0142165105413179,46,C
3231,-0.8197743709164652,54,B
3232,0.4674460158953361,11,B
3233,1.705862461549454,59,A
3234,-2.9441794542318394,25,A
3235,0.0512141682610938,41,B
3236,-1.69023972123404,44,A
3237,0.4951353483767383,90,B
3238,1.027148920867878,65,C
3239,-1.339218363409712,38,C
3240,-1.0836624236685382,75,A
3241,-1.0926695429848838,38,B
3242,0.8006223744472781,69,A
3243,-1.2593848204502909,36,B
3244,1.277121458218301,23,B
3245,-1.2227422086316486,99,B
3246,0.1175166985872985,82,A
3247,-0.0919273408333298,29,A
3248,0.1799810502401327,66,C
3249,0.0392419778683623,8,B
3250,0.4805547014806992,79,B
3251,1.4349897948536132,99,B
3252,1.094043406853761,86,A
3253,-0.065197384845735,71,A
3254,1.8266698597164213,35,B
3255,-0.7735693781038401,55,A
3256,-0.9149803389614972,96,A
3257,-0.7364303369207672,16,C
3258,1.6056719142140912,15,B
3259,0.4426433604422243,28,A
3260,0.4948494383428495,67,B
3261,0.3421542840691476,95,C
3262,-1.0891287056502237,70,A
3263,2.571995801803223,58,A
3264,-0.172639889552051,4,C
3265,0.959560288586044,87,A
3266,0.2190027062299845,96,A
3267,-0.3650090804856116,28,B
3268,0.6574319265017896,74,A
3269,-0.2087744676620745,57,A
3270,-0.8436972327908829,48,A
3271,0.0868534592531872,16,B
3272,1.2879068651615708,80,C
3273,-1.2561000697759352,82,C
3274,-0.4876499552733223,82,C
3275,-1.0836557093362031,87,A
3276,-0.8440556079706085,81,A
3277,1.069106505967145,60,B
3278,0.8975408493466517,35,A
3279,-0.8037686373346167,52,C
3280,0.6007457946317752,24,C
3281,-0.2274856280200156,42,C
3282,2.04762922689363,45,C
3283,0.3476524655768641,96,A
3284,0.9301520655211598,74,B
3285,-0.2602246895980358,91,B
3286,-1.1621279989224778,46,C
3287,-0.9488049896307048,93,C
3288,-0.6886686361001607,82,B
3289,-2.1960337732368216,61,B
3290,0.8488176697344333,79,A
3291,-0.1024513133525591,88,C
3292,-0.8472926922325279,21,A
3293,1.135164669014644,3,A
3294,1.284786332735438,49,C
3295,1.5183192091431923,75,A
3296,0.0940909890099788,6,B
3297,-0.2947417782966458,92,C
3298,0.6972723888218785,17,C
3299,-1.8758661082175057,88,A
3300,1.6503622924692871,47,B
3301,0.4920329535466574,1,B
3302,-0.2712038699394373,80,B
3303,-0.841163843921654,88,A
3304,0.229231735314557,42,A
3305,1.799462407878751,33,B
3306,-1.4446787392507126,80,C
3307,-0.3947391864260134,20,A
3308,0.6205451638151098,70,A
3309,1.544058916259793,76,C
3310,0.5491461114372124,54,C
3311,-0.1516059990040217,29,A
3312,-0.1280752565882144,41,B
3313,-0.4085634769433592,31,C
3314,-2.750535194016245,76,C
3315,0.3318907655968106,14,B
3316,1.7533846186111337,47,A
3317,-1.08649679745854,86,A
3318,-0.965462677709246,75,A
3319,-0.4229286585288719,86,A
3320,-0.1156720914418825,66,C
3321,-0.9475378543935888,76,B
3322,1.5733782957762072,70,A
3323,-0.1110694551830741,62,B
3324,-0.8998532681710807,58,A
3325,0.5377603345022972,2,C
3326,-0.0133797515036556,84,A
3327,0.8224724270501353,54,A
3328,-0.5513028571581838,50,B
3329,-0.6696138317259788,60,B
3330,0.4050207545755597,67,C
3331,1.3092224322624084,21,B
3332,1.3909832249198864,67,C
3333,-0.2511220105285913,16,C
3334,-0.3612112798250256,14,B
3335,0.2102810449346736,63,B
3336,-0.3717982874145786,71,B
3337,-1.2340238307411808,23,A
3338,1.3129448399111363,38,A
3339,-2.5910244662544453,95,C
3340,1.3097010985370885,3,C
3341,0.1388515945353602,94,A
3342,-0.0450240765187558,75,A
3343,2.20573215842432,2,B
3344,-0.1199734334222221,39,A
3345,1.0010576335069457,11,A
3346,0.9981732821906684,40,C
3347,-0.3840747837102973,27,B
3348,-0.3489903728056625,49,B
3349,0.502540204325122,89,B
3350,-0.9754579165268984,32,B
3351,-0.3738897063201528,16,B
3352,-2.0726253875749197,64,B
3353,0.5886506024939633,55,A
3354,0.3447139863395603,80,C
3355,-0.0180009905920453,16,A
3356,-1.2293179782789576,12,A
3357,-0.7972257152640424,16,B
3358,-0.8809168193957377,67,C
3359,-0.7229876112998225,90,B
3360,1.39210589533542,49,A
3361,0.0644392567824423,98,B
3362,-0.3031254579679424,96,A
3363,-0.7829068693384216,2,A
3364,-0.045021540567754,44,A
3365,-0.086773263926959,99,A
3366,-0.9836750395063706,12,B
3367,-1.0091021455705118,42,C
3368,-0.0997235879799348,70,A
3369,1.129430332306981,13,A
3370,-1.1466224268230023,29,C
3371,-0.6993082859303721,26,A
3372,-0.5056158421820472,15,B
3373,-0.2734819570512065,12,A
3374,1.1417731564282172,83,B
3375,-0.2568447740041898,82,B
3376,-0.8954836760743276,50,C
3377,-0.4256746618294981,4,B
3378,-0.8277358633172193,21,B
3379,0.3656786989815445,76,C
3380,-1.634684484212641,68,B
3381,0.1263950653077658,13,C
3382,-0.3133528322287669,10,A
3383,-0.3881899892716407,60,C
3384,-1.1931891280711044,74,A
3385,-1.0192194493625226,66,C
3386,0.0196634489160589,97,C
3387,0.1811065218763331,34,C
3388,-0.2662493667614838,9,B
3389,-1.0204397307729418,34,C
3390,0.6407538977679151,30,A
3391,-2.298468588473604,37,C
3392,-0.48220346962189,6,C
3393,-1.688656454518924,60,C
3394,-0.46618799938398,60,C
3395,-9.369908626111548e-05,48,A
3396,0.8446908722504214,99,B
3397,0.3396106161982084,52,A
3398,0.3866254023080663,59,C
3399,0.3003612422966549,5,B
3400,0.9612752461306784,66,A
3401,1.325266232570294,27,B
3402,-1.8448443197293545,64,C
3403,-0.8974257060091057,77,A
3404,-0.592790238096613,64,B
3405,2.612132627562227,24,A
3406,-0.7728629760944982,93,C
3407,1.160394655247249,58,B
3408,-0.8524053942907065,95,C
3409,0.1281097880870217,8,A
3410,0.0612737772402908,76,B
3411,0.7758870643116491,83,A
3412,0.5081125765643194,23,C
3413,-0.213876856616255,86,A
3414,0.1069394626086373,69,B
3415,-1.5538857133216664,10,B
3416,-0.1509087400714933,88,C
3417,0.5251289803654058,63,A
3418,-0.4576525101273078,88,A
3419,0.965258253885098,40,B
3420,-0.7848944022335362,99,A
3421,-0.1130092804930048,53,C
3422,0.5098846324122771,40,B
3423,-0.3610503732181964,34,C
3424,0.6920223138345071,94,A
3425,-0.5095342275118068,6,A
3426,1.7300313243223342,86,C
3427,1.2457381914823504,76,C
3428,-0.0037514113757564,17,A
3429,0.6915350814834501,46,B
3430,-0.7223140251750634,21,A
3431,1.6452454449284213,19,C
3432,0.3825861998069551,83,B
3433,-1.7656508320105802,68,C
3434,-0.4143846156140984,6,A
3435,-0.3451422165485295,84,A
3436,1.2462358085371674,60,A
3437,-2.802173548381216,61,A
3438,0.1196645179113967,96,B
3439,0.7970061023112796,51,A
3440,-1.4242503202908967,44,C
3441,-0.8102450664189123,48,A
3442,-0.0320822486696559,68,A
3443,1.2262915333645557,5,C
3444,-0.1913757387773115,97,C
3445,0.7960987891607508,47,A
3446,-0.9810989603704376,15,A
3447,-1.5199833334587576,94,A
3448,1.062222066690627,78,C
3449,1.194977854555872,96,A
3450,-0.9629307401473908,4,A
3451,-1.219807436421961,9,A
3452,-0.6236193997092785,1,B
3453,0.6705816629041941,6,C
3454,-0.479915032711278,75,A
3455,-0.8277826729474119,65,A
3456,-0.9565889893323332,98,A
3457,-0.3272341757354661,79,B
3458,-0.902708529481986,24,A
3459,-0.3255631435482162,45,A
3460,-0.4953548305504375,13,A
3461,1.255741448995126,97,C
3462,0.5616258824439936,99,C
3463,0.8077733124520491,69,B
3464,-1.3842368372675615,52,B
3465,-1.0381451180052403,87,A
3466,-0.4339857193386733,7,A
3467,0.6970580332739,59,A
3468,1.0710701373753415,13,B
3469,-1.7583053425253494,60,B
3470,-0.7026609596639711,45,B
3471,-1.64475589428381,48,B
3472,0.530166416832955,6,C
3473,0.7872155734165149,97,C
3474,1.2677308542785084,46,B
3475,-1.4092536979907226,65,B
3476,-0.5004778599297495,37,B
3477,-0.2017606069726927,46,A
3478,0.5031957975484023,56,B
3479,-3.0067440376479753,78,C
3480,1.0713065968262687,1,A
3481,1.7402740962268008,85,C
3482,0.2748448614364808,21,C
3483,0.9373193485974128,10,B
3484,-0.3556397695774676,85,B
3485,0.3954977160068187,41,C
3486,1.3139659943034174,32,C
3487,1.5023849509343066,27,A
3488,0.4806458535247271,67,C
3489,0.4564354426669912,39,C
3490,-0.6042505131959119,70,B
3491,-0.1468392898867134,54,C
3492,0.2759487137418951,77,C
3493,0.4351960465776952,42,B
3494,-0.7743344858873537,32,B
3495,-0.0092466229510542,18,A
3496,0.7958233445509022,17,A
3497,1.3354189983996303,26,C
3498,1.9640972213779293,60,B
3499,0.91868703529041,26,B
3500,-0.2109094589571154,60,C
3501,-1.2283379776097836,53,C
3502,0.3424802238287708,94,B
3503,0.8826794539003676,79,C
3504,-0.2057807272917207,83,A
3505,-0.1992402314190172,30,B
3506,-1.393884057043992,97,C
3507,-2.2714530243604387,11,A
3508,-0.4189634752520706,45,B
3509,-0.0443560537738927,93,B
3510,0.967599159233992,93,A
3511,-0.4496417979830339,67,C
3512,0.7160575817259275,81,A
3513,0.1984007391167128,79,B
3514,-0.9209156548079668,75,A
3515,-0.5934855062671129,65,B
3516,0.913921272363375,77,A
3517,0.6004664991218936,5,A
3518,0.1907598563140405,36,B
3519,0.270102335431361,15,A
3520,0.3740451623116541,56,A
3521,-1.773835093939334,54,C
3522,-0.572037523740459,28,C
3523,-1.066285884400629,57,B
3524,-0.7023479665081191,45,B
3525,0.0252845472161327,23,A
3526,-0.2798028134009145,6,C
3527,-0.5400261208589859,8,B
3528,-1.0452623437847233,2,A
3529,-1.1174802786732232,11,C
3530,-1.636811266534328,73,B
3531,-0.3562965891753893,78,C
3532,0.5073806210393459,95,C
3533,0.3202600926861444,70,A
3534,1.222279256467398,89,A
3535,-0.8725540488543542,69,B
3536,0.1200998093553957,14,C
3537,-0.8891198260888368,8,B
3538,-0.4856864499163136,26,C
3539,3.029816604882676,59,A
3540,0.8260364924469464,84,A
3541,0.3095956554204088,83,C
3542,-0.2593224478542094,26,B
3543,0.2722699210665166,15,C
3544,2.7173892464785054,19,C
3545,0.6688252585913991,36,C
3546,0.4775245017663481,8,C
3547,-0.0032093334536731,69,A
3548,-0.1651934770884545,85,A
3549,-2.663761255868553,17,A
3550,0.1268072353298509,72,C
3551,-0.8659616260669959,24,B
3552,0.1502485587913161,58,B
3553,-1.1729246200417198,1,A
3554,0.7795680138795411,48,A
3555,-0.114693745681874,43,A
3556,-0.388976650118266,42,C
3557,0.4361653549357606,23,B
3558,-0.2514680652958826,67,C
3559,-1.1365510847481526,97,B
3560,0.2645705708322631,42,B
3561,-0.2947763304400368,6,B
3562,0.9005232705677927,75,A
3563,-0.9345331829075484,88,A
3564,0.1659331504780892,21,A
3565,-0.5286651107720759,72,A
3566,-0.0405031193902532,65,B
3567,0.7734358598068157,45,B
3568,1.6013614815288093,33,A
3569,0.6611312536945744,29,B
3570,-0.2640958012171414,99,B
3571,-0.4229435486510777,31,B
3572,1.1753754826621925,80,C
3573,-0.5890045410009505,75,A
3574,-1.7130439371983062,6,C
3575,0.3098435335247363,8,C
3576,-0.3277161662236655,37,B
3577,-0.9855745864919578,76,C
3578,0.8520148961278893,36,C
3579,0.282020281120331,14,A
3580,1.863667680527037,58,C
3581,-1.6376404137170144,82,B
3582,-0.6419086417175073,17,A
3583,-1.1091708280420531,10,C
3584,1.3107341228118723,60,C
3585,1.2467501136605528,3,C
3586,0.2129509498626753,92,B
3587,1.5060147338462642,58,A
3588,-1.4099483191018811,20,A
3589,0.1052442045959937,66,C
3590,0.4653706617777566,59,A
3591,-1.127714736577349,61,B
3592,0.3101939419801689,30,C
3593,-1.5092399440117312,70,A
3594,0.5309934643450477,11,A
3595,-0.2735507326610119,58,B
3596,-1.1540337295701608,84,C
3597,0.435483204765043,83,B
3598,1.6279221124209011,48,A
3599,0.0440215710196283,11,A
3600,1.188015502136259,73,A
3601,0.4065112727253425,27,C
3602,0.6544068618207721,92,B
3603,-0.5884476431360129,7,C
3604,-0.3311224025283449,51,B
3605,-0.7605223966822167,96,B
3606,-0.0968561721577751,78,C
3607,0.1491628398179401,11,C
3608,1.6442126687522245,71,C
3609,-0.7616472732151022,46,C
3610,-1.5098070529444156,75,A
3611,-1.1321162422019144,39,B
3612,0.3529392998667676,74,B
3613,-0.2028367255020217,76,B
3614,1.0804336203406395,49,C
3615,-0.9040018658073968,17,C
3616,-0.1659535233886342,95,B
3617,-0.0883193275527276,23,A
3618,0.4636929010467456,40,C
3619,-0.5910999786299657,21,A
3620,0.2101157249675958,46,C
3621,1.4449734088110286,96,C
3622,0.598003683988644,54,A
3623,1.4985900921888573,4,C
3624,0.1051675369918897,87,A
3625,0.3040288940125719,22,C
3626,1.5566743880759606,81,C
3627,1.4930978569124358,58,A
3628,-0.4566571765077603,45,B
3629,0.5067383922586618,9,C
3630,-0.1001527039009583,59,C
3631,-1.054977663194094,37,B
3632,2.0017713849475927,82,A
3633,-0.1147912511429393,56,B
3634,-1.3993184601070277,56,A
3635,0.850450472448343,24,C
3636,0.5337493944434555,9,A
3637,-1.1928275703637905,28,A
3638,1.253306587350678,77,A
3639,1.6818333437845687,93,A
3640,-0.5538471813494027,91,A
3641,-0.6413059552514402,96,C
3642,-0.8543647469844879,31,B
3643,0.7200755970901193,54,B
3644,0.15624085509305,3,A
3645,-0.4313728336135944,10,C
3646,0.3476712263143242,90,A
3647,1.1235355655154788,92,C
3648,0.1661840787366299,12,C
3649,1.2140909256640582,57,A
3650,-0.74716484864786,29,A
3651,0.8031828298631344,36,A
3652,-0.3341935552049723,42,C
3653,-0.6128574595137186,72,C
3654,-0.9934758393359284,64,B
3655,-0.5879935945705947,15,B
3656,0.5375165645393356,95,C
3657,0.1702681797256581,11,B
3658,1.530608310826666,21,C
3659,-0.3203489162809833,45,C
3660,0.4287202001863353,25,B
3661,-0.1317981919250976,25,B
3662,1.4531381637604173,22,C
3663,-0.0304654640361036,15,C
3664,-0.0219576860002134,82,B
3665,-0.6502854997066663,16,B
3666,1.1987564496006184,79,A
3667,-0.5410962432461139,16,B
3668,0.2769738079320244,18,A
3669,-0.7418874673562244,13,A
3670,0.7754640418275867,56,B
3671,0.6467532957049527,34,B
3672,1.4380365672530686,52,B
3673,-0.1774428490464508,90,B
3674,0.4743013039711125,61,A
3675,0.8156151807065175,40,B
3676,-0.6790936398965699,19,C
3677,-0.2198030437245884,23,B
3678,0.4623803290280298,11,C
3679,0.3647449726866287,94,A
3680,0.1776902408229126,84,C
3681,-1.047876727215863,62,A
3682,-0.6643759557657541,12,C
3683,0.2100001818395043,65,A
3684,0.4567146118702975,78,C
3685,-0.5305445885030161,92,C
3686,-0.9211833020566564,80,A
3687,-0.5708128841554203,78,C
3688,-0.0499296263478494,80,B
3689,0.9343466058263848,4,C
3690,-0.9824382126416684,86,C
3691,1.540969493937149,41,C
3692,-0.3040439326468487,43,B
3693,-0.7826865733447509,63,B
3694,0.6120633657267339,98,A
3695,0.5134329426448913,95,B
3696,-0.5768422382044133,5,A
3697,0.2078883466057473,19,B
3698,-1.5409765050696171,51,A
3699,-0.1263980152886814,90,A
3700,-0.0782042222050629,86,A
3701,-0.2602290505161444,56,C
3702,0.4069148162102687,41,A
3703,-1.0177946859896292,88,B
3704,-1.6921929068959638,87,A
3705,-1.4048014499384192,12,C
3706,-0.7362669116784818,27,C
3707,1.1077954097632543,1,A
3708,-1.2564108929360294,26,A
3709,0.2491468420122154,51,B
3710,0.410701182749368,62,C
3711,0.2637464239045181,49,C
3712,-0.0487384046313538,27,C
3713,1.2912896382974128,33,B
3714,0.7211006121438658,37,B
3715,-0.2842219333072701,21,B
3716,-0.1899553317091847,59,C
3717,-0.7358342893331024,94,B
3718,1.5634276376793743,20,C
3719,-0.2219187542954833,51,B
3720,-0.8597963565264208,88,A
3721,1.206004913300899,66,B
3722,-1.055774203147824,51,B
3723,-0.406433109862956,16,A
3724,0.0316191491571824,13,C
3725,1.7140625996900036,78,B
3726,0.8852378132639104,37,A
3727,-0.6372074769584523,53,B
3728,-1.1055000001155215,39,C
3729,-0.1868784213006904,23,C
3730,0.3403501599718115,65,A
3731,1.0346235153344705,49,B
3732,-2.331808665475024,36,B
3733,1.17799849098265,58,B
3734,0.0719862825701399,73,B
3735,-1.4426022780225392,71,B
3736,-0.1456544164407675,80,C
3737,-0.0044623533552409,72,C
3738,-0.0715229178684628,35,A
3739,0.8271374192999111,95,C
3740,1.3657500318440094,86,C
3741,1.2744716159508314,31,B
3742,-0.6505906502495435,85,C
3743,-0.2518366917163197,91,C
3744,0.8483942418236978,7,B
3745,-0.2053344128821656,80,A
3746,0.9470634641489968,1,B
3747,-0.3492499629149105,40,B
3748,1.6640849028369007,19,C
3749,-1.588315493718771,82,B
3750,0.1266642526693475,92,C
3751,-1.6712136764686882,8,B
3752,1.9673822401422136,15,C
3753,-2.5381150872097495,97,B
3754,0.2283657282752454,39,C
3755,0.9192590843843492,37,C
3756,0.0033664844840106,88,A
3757,0.1376482302073083,61,C
3758,-1.2675186884148202,70,A
3759,-1.09277562409093,34,A
3760,0.1193594340378224,41,A
3761,-1.15435884590286,12,B
3762,-0.02434154083031,54,B
3763,0.9546232396598784,77,A
3764,1.4972505534500806,94,C
3765,-0.9827825675035774,98,A
3766,-0.5819416076215264,93,B
3767,-0.2248704925573768,12,A
3768,-1.1108230503879672,63,C
3769,-0.3329612484069608,68,A
3770,0.4158293599252216,63,C
3771,-0.1382447791085309,16,C
3772,-1.3867849628243945,1,B
3773,0.2860789382571285,97,C
3774,-0.6413032182647893,65,C
3775,-0.2133414010405677,79,B
3776,0.5040276463568135,1,C
3777,0.3708330780871819,92,B
3778,0.8246653707487535,17,C
3779,-0.5536394308075129,99,B
3780,0.7765862323077534,54,A
3781,1.89842273566398,42,B
3782,-0.3621456950461797,29,B
3783,0.0016958548554002,26,A
3784,-0.2209944944305511,58,A
3785,0.964522480262436,76,C
3786,-0.6907767087015265,48,C
3787,2.1911559577084097,57,C
3788,0.1054236107427559,11,C
3789,-0.240548439271215,49,B
3790,-0.5041186245591541,22,A
3791,-0.0844291778044794,41,C
3792,-0.9019002982156956,48,A
3793,2.4940403540278497,73,C
3794,0.2400322688759085,39,C
3795,0.0395896900299924,55,B
3796,-0.0077137370587791,20,C
3797,-1.0198511604039473,77,B
3798,1.0889423175266133,16,C
3799,1.5563598812221495,95,A
3800,-0.1575049256850444,88,B
3801,-0.2345090008851891,34,C
3802,0.3221551821381208,36,A
3803,-0.2922222281520392,19,A
3804,-0.0409279224680679,77,A
3805,0.3706670804273721,39,C
3806,3.2543942132104164,96,A
3807,-1.1949263915431112,5,C
3808,1.092718848240145,34,B
3809,-0.2765594056273106,80,C
3810,-1.3175204298918022,82,A
3811,-1.5863856160767815,64,A
3812,0.9027046627997264,65,C
3813,0.1470318248117545,3,A
3814,1.9821894682490653,7,C
3815,-0.0591908578811487,61,B
3816,1.4875138551181903,83,C
3817,-2.5206168335681505,45,C
3818,-1.5835734625876974,83,C
3819,-0.4071492651207877,3,C
3820,-0.048900365893815,92,B
3821,-0.8704543510363518,7,C
3822,-1.7337136286207255,2,A
3823,0.3712904917365566,8,B
3824,0.4078985041431774,7,B
3825,1.6520875983321486,80,A
3826,-0.4472439835619916,41,B
3827,-1.4572705670351271,17,C
3828,-0.0798040952881346,81,C
3829,0.0165781974401572,31,B
3830,-0.2443191924157799,54,A
3831,-0.9703046805777268,90,C
3832,0.6384512995139056,15,C
3833,-0.3012226906201716,19,C
3834,-0.3833963820552512,80,B
3835,0.3419455718791918,49,B
3836,-0.1908910928903527,25,C
3837,-1.0844059777658557,42,C
3838,1.3789366037403046,22,A
3839,-0.2292699473739003,9,A
3840,0.1216804374066585,42,A
3841,0.0107051599301936,70,C
3842,-1.1373707888697826,28,C
3843,-0.1267105442090632,36,B
3844,0.5632850510253573,86,A
3845,0.7464984515986792,94,A
3846,1.1162997523964666,38,C
3847,0.4636895108807206,70,B
3848,0.2898963428406726,93,C
3849,0.636366100318985,27,C
3850,-0.795721930490737,74,A
3851,1.0850179669180262,54,A
3852,-0.2686642170465423,94,B
3853,0.4915844790369165,68,C
3854,0.1107852606387222,35,B
3855,2.54074737803281,23,B
3856,-0.5579978554903837,89,A
3857,0.2898020436919593,65,B
3858,0.9073381432572376,75,C
3859,-0.2276081787082153,17,B
3860,1.3488754235241267,6,A
3861,-1.620965692775704,54,B
3862,-0.7297464277665198,98,C
3863,-1.273104473444111,78,C
3864,-0.0391398125539538,67,B
3865,0.2840277850227549,99,C
3866,-1.2090936058004638,88,C
3867,0.0482925835516062,54,A
3868,2.353799662307668,38,A
3869,-0.1313112135559029,34,A
3870,-0.1969953114912193,86,C
3871,-2.50872282576345,61,C
3872,0.9445225949099124,31,C
3873,0.1063057657052707,5,B
3874,1.0720172070626792,74,A
3875,1.1318206547134215,24,B
3876,-2.6330249070917113,1,A
3877,-0.3301912574448504,75,A
3878,0.2114873365401196,20,A
3879,1.1918729230498106,93,C
3880,0.0352112080126142,98,C
3881,-2.4441686722613687,49,A
3882,0.3637924749959922,91,B
3883,-0.4054346654353671,14,A
3884,0.4683939833370652,69,C
3885,0.7237813853151682,76,C
3886,1.1490117012016836,41,B
3887,-0.4926204169155478,20,B
3888,-0.3041034906781322,16,C
3889,1.012809312788175,8,A
3890,1.4159977559959207,44,A
3891,-1.0588856921580805,92,C
3892,0.2182986962100462,51,C
3893,-0.1154910366678834,37,C
3894,-0.5536137517797202,62,A
3895,0.2007479101560595,55,A
3896,-0.257487977317987,26,B
3897,-0.5813620676540241,84,C
3898,-0.5932302702396495,40,C
3899,-0.2222208187841918,67,C
3900,0.4679905057259646,55,B
3901,-0.1600513999194402,2,B
3902,0.6918989136106463,7,A
3903,-0.5333592594955937,78,A
3904,-0.2369449240365597,60,A
3905,-0.5317981829704721,49,B
3906,0.2397639967987035,79,A
3907,1.146509026565246,91,A
3908,1.4420128085924946,83,B
3909,0.7774376832362973,77,A
3910,-1.2363970974812428,16,A
3911,0.5306317301270203,15,B
3912,1.0061430878031388,97,C
3913,-1.2545013901438085,52,C
3914,-0.4974606589038634,87,C
3915,-0.5619473342882236,40,C
3916,0.8502348425916557,25,A
3917,-1.875504150471614,5,C
3918,0.8017773238551841,21,A
3919,0.1033326781743648,89,C
3920,-1.212788902886944,92,B
3921,-1.1384670319456336,79,A
3922,-0.142896220666281,1,C
3923,-0.0513551149938526,46,B
3924,0.7086290070067439,85,A
3925,0.306042171119525,92,A
3926,2.0163301988368105,91,B
3927,-0.93060395509364,5,A
3928,1.3331276865236896,12,A
3929,1.055504352462118,53,A
3930,1.3392749356384233,8,C
3931,0.3667528313306545,69,C
3932,0.5053053276078258,97,C
3933,-0.9909962334036588,80,C
3934,0.3434228608058527,89,A
3935,0.8268734766951304,12,B
3936,-0.6344369105458489,10,A
3937,0.1167974234654907,28,A
3938,-0.0018592274044258,94,B
3939,-1.9248969763214696,45,A
3940,1.356002277408448,2,A
3941,-1.174004692329183,62,A
3942,1.2437750973592048,12,B
3943,0.106294452451739,88,B
3944,0.0987175750557586,65,C
3945,-0.7216649767408007,45,C
3946,0.8921171535554365,21,C
3947,-0.8800864328411029,60,C
3948,2.3010402265936505,68,A
3949,-0.3600786778853907,44,C
3950,0.968495646880111,45,A
3951,-1.0018267232221807,55,A
3952,1.02781964364293,52,C
3953,-0.9566512529615048,12,C
3954,-0.7582190040383916,25,B
3955,0.0482200230271977,67,B
3956,0.8094253095509788,50,A
3957,-2.3579276831380707,67,A
3958,-1.277729128313255,54,C
3959,-1.793260508601774,91,A
3960,0.9048676324066244,21,B
3961,-0.7583807180310232,95,B
3962,-2.4165750901453436,77,C
3963,-0.180269909278768,67,A
3964,-0.7392238775649935,1,A
3965,-1.5595702623730143,75,B
3966,0.2765594951212621,67,C
3967,1.627535751113971,77,B
3968,1.112767369294969,83,C
3969,1.1229703398387565,91,B
3970,0.418253985024652,13,C
3971,-0.495936174243403,31,A
3972,1.5855184827597737,23,B
3973,-0.5246053163974181,31,C
3974,0.7246457141291508,28,B
3975,0.7045230838400512,36,C
3976,0.8156710415297399,58,C
3977,0.323853942722216,95,B
3978,0.7972260033017514,4,B
3979,-2.0528319202572276,21,A
3980,-0.8595244643649512,7,A
3981,0.0443995680563667,74,C
3982,-0.2296510761588952,11,C
3983,0.0775511798331186,31,B
3984,0.9896553194666338,9,B
3985,0.6950727649784962,59,A
3986,0.194309675411646,2,A
3987,-1.1996330212669106,49,A
3988,0.726269568775446,59,A
3989,-1.6272633824486742,37,A
3990,1.117073025599315,9,A
3991,-0.1058862450101413,12,C
3992,-0.4848024225158638,83,C
3993,-0.6829978117383599,9,C
3994,-0.3224153274493414,96,B
3995,0.4517299382533734,24,B
3996,-1.5426606107765062,18,C
3997,1.299138439495964,21,A
3998,1.219292762376613,86,A
3999,0.7992668337779774,21,B
4000,-0.0972305111752426,7,C
4001,0.2544342607924704,4,A
4002,-0.3342686578956607,85,C
4003,-0.1205414115068153,81,C
4004,1.0687870868821523,52,A
4005,-1.0506282392766977,67,C
4006,-0.7111532983286285,79,B
4007,-1.20007738187357,68,C
4008,0.3910356354129031,50,B
4009,-0.4403592639257951,58,B
4010,0.7862563535311826,26,A
4011,-2.0459347938044243,54,B
4012,0.9776458510025512,91,A
4013,0.6368851099270952,65,A
4014,-0.3111315345556344,1,C
4015,0.1025886592687427,79,C
4016,0.1504531827363622,58,B
4017,1.6269594711156192,14,C
4018,0.3935349178078635,83,B
4019,0.486313308290759,68,C
4020,-0.9716689859908496,91,B
4021,0.1242235710755184,81,B
4022,0.1582716065758653,37,C
4023,-1.1708862330638472,86,A
4024,1.3052423215597964,67,A
4025,0.0363886472379119,86,A
4026,-1.1966005944176916,94,B
4027,-1.4538851385780822,58,B
4028,1.4441674253769716,44,C
4029,-1.1514016213113123,53,A
4030,-1.0416422717646456,63,A
4031,-0.4232976606422575,47,B
4032,0.2133319968248904,51,B
4033,-1.3674212513111166,18,A
4034,-0.6477275109852549,17,C
4035,-0.3843861591464521,80,A
4036,1.376989516924357,15,B
4037,0.7027516126718469,99,A
4038,0.7221536980596022,74,B
4039,-0.4846525214423779,42,B
4040,1.2750669743964644,1,A
4041,-0.3658996368369218,51,A
4042,-0.9720042201298776,6,B
4043,-0.3091441040017964,48,B
4044,-0.5662633515845282,46,B
4045,-0.7601007055068127,49,C
4046,-0.9334322025716366,61,B
4047,-0.1781261600499516,98,C
4048,0.2894464678788927,44,C
4049,-0.5388662749396632,36,C
4050,0.3039630938282036,63,A
4051,-0.2419868032692398,32,A
4052,1.50995152517507,41,C
4053,-0.8768896747109389,5,C
4054,0.0078145191463838,89,B
4055,0.4633725002623692,69,B
4056,-1.049390109727142,38,A
4057,-0.10003866519381,39,A
4058,0.1117103255634218,31,B
4059,2.082186341055122,22,B
4060,0.1792119483005326,98,A
4061,0.1333578048695294,42,B
4062,0.3463518950297197,8,A
4063,1.2570746380311106,10,B
4064,-0.892133326218631,4,C
4065,-0.6000905620502399,83,A
4066,-0.8956648297145909,16,B
4067,2.0787863207799178,39,B
4068,-1.250603716395061,35,B
4069,1.3428141607284565,93,B
4070,-0.0389337100993368,78,A
4071,-1.3520775478206208,73,C
4072,-0.3644773929411642,80,C
4073,-0.6582839615698881,27,B
4074,-0.3695173261532385,61,A
4075,1.5026247318668893,84,A
4076,2.501878076231128,15,C
4077,-0.3376821692283746,32,A
4078,0.6649643246775861,21,B
4079,-0.7473558348600704,20,B
4080,-1.631622072990954,54,B
4081,1.8471934347880208,41,B
4082,-0.5079478549142046,58,A
4083,1.509943572187448,5,A
4084,0.2148849984050873,56,B
4085,1.1846897955870994,78,B
4086,0.1692724978812373,28,A
4087,2.4439256972354597,33,C
4088,-2.0097316712076956,90,B
4089,1.7663862552326082,52,B
4090,0.8406959182232545,52,B
4091,0.7948296989169161,58,C
4092,1.3407247149155073,39,C
4093,0.3591051412948555,65,C
4094,-0.658578962177289,52,B
4095,0.8058198882190204,6,C
4096,0.1062005930395745,87,C
4097,0.6548223752542205,29,A
4098,0.6444326395989797,50,B
4099,-2.2498954766271138,43,A
4100,-0.2532676543646301,10,B
4101,0.3569894530896526,51,B
4102,0.284153576136349,29,B
4103,-0.1841213823792564,18,B
4104,0.4974361976554952,8,C
4105,-0.4858993945930118,44,B
4106,0.7132357576799584,67,B
4107,0.2225038382079345,12,C
4108,0.5002762096314968,46,C
4109,0.7587016238704719,47,A
4110,-0.3743635817604598,95,C
4111,-0.5143530361095823,19,B
4112,0.7329586433662223,45,B
4113,1.721435718322019,1,B
4114,-0.7016875756508212,83,C
4115,1.87785328786087,16,B
4116,-0.3068444007284151,61,B
4117,-0.4270576337889237,32,B
4118,0.1884324868523096,98,C
4119,-0.2765894998245878,13,A
4120,-0.6870614468739179,82,C
4121,-1.4723788297501543,78,A
4122,1.2983325263772518,23,A
4123,0.9004594975697374,25,B
4124,0.2875572937026307,12,B
4125,-0.5277771339990964,67,A
4126,-1.0520718639580415,29,C
4127,0.3582975301632184,98,B
4128,-0.0522882045495126,30,C
4129,-0.1093759667271369,48,A
4130,1.7552914949983374,70,B
4131,0.539973733226623,29,B
4132,-0.7133099897153781,85,C
4133,0.6731054430067518,64,C
4134,-0.8205512246046235,54,A
4135,0.4803975817040269,52,A
4136,-0.1616519469759345,41,C
4137,0.2185855926238933,99,B
4138,-0.373795620616562,78,A
4139,-0.4764252166763018,45,A
4140,-0.3416635285965391,48,C
4141,0.8883579487541333,47,B
4142,-0.8636480844754825,51,A
4143,-0.7321116372770703,3,B
4144,0.0061010391787008,61,B
4145,-0.3862401021472963,23,A
4146,-3.079749163127784,45,A
4147,-0.4776206211609367,69,C
4148,-0.3181206059926703,24,C
4149,-0.6050062908221625,76,A
4150,-2.051987938887727,98,C
4151,1.5576991908853155,74,C
4152,0.3116971068041539,68,A
4153,-0.8579032912886444,26,B
4154,-1.3445606754578836,26,C
4155,1.0166917506014264,1,B
4156,0.4879869345899322,34,A
4157,1.5484778217991286,67,A
4158,0.2304781388957208,50,B
4159,-0.5846339874428568,49,B
4160,0.6943284240600727,99,B
4161,0.0387891931808439,51,C
4162,-1.1586013537501365,14,B
4163,-1.8084928149181168,24,C
4164,-0.6520651130573332,7,B
4165,-0.631403803713054,30,A
4166,-0.5701072416680631,84,B
4167,-0.3816492243686358,88,A
4168,1.315814543171462,79,A
4169,0.2966373678139823,5,A
4170,-1.0110839398089546,86,A
4171,0.0801003004471198,60,A
4172,-0.3687939330224879,56,A
4173,0.5655880558102178,67,A
4174,-0.981608089161933,15,B
4175,0.5286605084257489,86,C
4176,-0.202247440704028,25,B
4177,0.3044806841149847,50,A
4178,0.1814395093199396,90,C
4179,0.4358948137001314,47,C
4180,-0.4257151245187673,59,B
4181,1.536986691174347,56,A
4182,0.2974417092743286,91,B
4183,-2.689116071664716,22,A
4184,1.0238990390455796,6,A
4185,-0.9956980938916704,61,A
4186,2.416380668259906,81,C
4187,0.0564773184362627,53,C
4188,0.6526462445558256,53,B
4189,1.1656719356857344,1,B
4190,0.5412862042576558,6,A
4191,-0.6801741810421137,64,B
4192,1.419294765318779,77,A
4193,-0.648897884198775,2,B
4194,-0.4037739766259631,38,A
4195,-0.1783635914106539,65,B
4196,1.230459809668111,53,B
4197,0.7823935514464578,48,A
4198,-2.150115315261373,11,C
4199,-1.0459059562544817,76,B
4200,1.0081727572134838,25,C
4201,-0.098406620060831,16,C
4202,-0.1466725572008223,87,C
4203,-1.2658209660583395,92,B
4204,-1.2283269722291783,96,B
4205,0.1583642716016071,26,A
4206,0.5785092480233148,26,A
4207,-0.8364997614120171,17,C
4208,-0.1969142700801999,16,C
4209,-1.3569265153993533,16,B
4210,-2.0974506374738695,59,C
4211,1.0849682703538337,75,A
4212,1.5117766038901028,71,C
4213,-1.5843032359814586,91,C
4214,0.5058542621227721,25,B
4215,0.1672264695419071,17,B
4216,0.5588429438726512,97,B
4217,1.1591578732647614,62,A
4218,0.0880612238790468,18,B
4219,0.934545735676327,65,A
4220,1.0020961879481214,85,C
4221,0.828443726491151,68,B
4222,-1.914219812234014,21,C
4223,-0.7927824187062456,57,C
4224,-1.6611027572977684,80,B
4225,-1.377961272741569,11,A
4226,-0.614058720927609,8,B
4227,1.472442370922004,51,B
4228,-0.1151654722587092,12,A
4229,0.4826024100384444,86,A
4230,-1.4047735636716827,75,A
4231,-1.1724099526144791,84,A
4232,-1.9070047608023155,6,A
4233,0.2980809804558265,95,C
4234,0.1394563680690106,13,C
4235,-1.4469491777717978,93,B
4236,-0.8306107769270933,23,C
4237,1.5505116083288104,89,C
4238,0.3679300958307989,13,C
4239,0.3782769171430796,40,C
4240,-0.1758199846179372,62,C
4241,0.2546257172763956,89,B
4242,0.8472730705925213,37,A
4243,-0.202345221856929,15,B
4244,-0.0273602859825717,93,B
4245,-0.4874206156064081,33,A
4246,1.0579723635853229,31,A
4247,1.58651276112166,62,C
4248,0.1022543653935307,62,A
4249,-0.7597949142305437,40,A
4250,1.5806699069960124,55,C
4251,-1.404180875277134,52,C
4252,-1.3940586408225235,38,A
4253,0.1311824648409527,22,A
4254,-1.1062339520073765,20,C
4255,-0.6454863210332862,5,A
4256,1.2949486084048925,50,C
4257,-0.5170977463652937,53,B
4258,1.753655274140022,22,A
4259,1.2440142256091116,37,B
4260,-0.5426711519562958,90,B
4261,0.9516236871267948,89,B
4262,2.1714248803079235,92,B
4263,1.1200046671456765,84,B
4264,0.3345717623836072,92,A
4265,0.6225201843108688,49,C
4266,0.4324666053463261,66,C
4267,0.0982121564357722,30,A
4268,0.9461072839058904,49,C
4269,1.9231679288136725,53,B
4270,-0.9491925307807348,80,B
4271,0.7289297580545447,39,A
4272,1.0087539714690288,85,B
4273,-0.2881050491216601,87,A
4274,-0.1479197517940347,69,A
4275,-1.2322701237540965,60,B
4276,2.390676098207206,49,A
4277,0.1313538015896546,77,C
4278,0.8056709414219975,87,A
4279,-1.0635656436414354,22,A
4280,0.5884243295610074,60,C
4281,0.3811822186975026,33,C
4282,-0.7095052363416126,83,C
4283,0.9671265002887468,92,A
4284,-0.612064349778728,92,B
4285,-1.4855146441770637,89,B
4286,0.6861156384941903,52,C
4287,2.0160100486603514,74,A
4288,1.3451726036682192,24,A
4289,-1.367967482533097,5,B
4290,0.1061909459768962,2,B
4291,-1.5678112250013918,99,B
4292,1.0501972142986815,56,C
4293,0.7276271168724935,77,A
4294,-0.1921300016918972,36,A
4295,-1.2065569716829272,98,A
4296,1.2087300027642378,15,C
4297,0.3084186211349407,26,A
4298,-0.4144921322345575,98,C
4299,-0.1489452485344335,91,C
4300,-1.3627997469914506,32,C
4301,-1.0069950019970162,38,B
4302,0.2175974870390069,46,A
4303,-1.1321837443803364,63,A
4304,-1.8221582155881824,10,A
4305,-0.2894106280896024,80,A
4306,1.49228839738119,4,A
4307,-0.9325794382751712,55,A
4308,-1.7787328606738182,31,A
4309,1.457745074721632,25,A
4310,0.7148495606049359,81,C
4311,0.1104207277320564,4,C
4312,0.636353183028658,12,B
4313,-0.6197625424995148,86,C
4314,-0.726258655918474,78,A
4315,1.3078777063159448,90,C
4316,0.086311454617846,36,C
4317,-0.562184618947357,53,A
4318,-0.7012659081898975,66,C
4319,-0.7662140014545125,52,A
4320,0.9001341583948835,20,B
4321,0.5272812393324315,66,B
4322,0.0032663836439509,29,A
4323,-0.9322684318453834,45,A
4324,2.0085333556212746,42,A
4325,1.0557049230962845,4,B
4326,0.2614774766475603,89,B
4327,-0.9375390222208236,71,A
4328,0.6052242110021469,34,C
4329,-1.0466336446421176,60,B
4330,-0.2105503868227049,14,B
4331,-0.0591249413953082,62,B
4332,0.2489696192308429,46,A
4333,-1.638622264479025,44,B
4334,-1.65074940638449,53,C
4335,-0.4283987607887112,99,A
4336,1.3625151412726422,31,C
4337,-0.845425907448572,31,C
4338,-1.070514791406989,12,B
4339,1.643539393290485,80,C
4340,1.293874380677298,60,A
4341,-0.3586259177451159,1,A
4342,0.0475806301446005,80,A
4343,0.298163804092458,89,C
4344,-1.804649882465598,57,A
4345,-1.762592952791909,52,B
4346,0.3899343450216818,13,A
4347,-0.587529629639238,3,B
4348,-1.046842205811647,3,B
4349,-0.1806368460564201,80,B
4350,-1.2111951767629454,82,C
4351,-2.1199473057704328,55,B
4352,-0.5647898544435819,88,A
4353,0.5490538387001174,38,B
4354,-0.7733244037789164,67,A
4355,-0.7727704782489656,56,A
4356,-0.7307480533391959,21,B
4357,1.142344274934191,45,B
4358,0.1587218888497111,54,C
4359,-2.187847254847624,13,B
4360,0.8599622480810226,71,A
4361,0.5008170575530421,72,A
4362,1.43312499435573,62,B
4363,-1.0653763225218758,85,B
4364,0.4381261590360166,72,C
4365,0.3826031634974569,10,A
4366,2.007085105391614,6,A
4367,-1.637850776012551,95,C
4368,-0.3024795367000542,60,C
4369,-1.2893467610603706,72,B
4370,-1.658589760115278,33,B
4371,1.5226660214055152,35,B
4372,-0.1249910752626153,8,A
4373,1.206417283853275,18,B
4374,-1.2754061811578052,57,B
4375,-0.0768294241287554,59,A
4376,-0.7476945928932516,76,A
4377,-0.1915432097874586,49,B
4378,0.6836757715910136,24,B
4379,0.6944158433027776,88,B
4380,-0.3049951698009365,46,C
4381,0.5518105451738461,20,B
4382,0.8592344975633732,28,A
4383,0.2172664127630831,30,B
4384,0.2925159064726313,62,C
4385,0.7466519574321941,94,B
4386,-2.2473915840562673,37,B
4387,-0.8765771046152531,67,B
4388,-0.2725647368824684,3,C
4389,-1.2033705099880223,87,B
4390,0.5659385998110024,64,A
4391,1.0528266585068562,72,A
4392,-0.9872994179801872,7,C
4393,-1.4026478987175688,88,A
4394,-0.2423089326147906,27,C
4395,1.9210159543165783,34,A
4396,1.434684686419179,2,C
4397,1.2460162703325592,11,C
4398,-0.6289408123537867,46,C
4399,-0.504883697557046,39,B
4400,-0.8409250538685843,11,B
4401,-1.9620871161699744,50,B
4402,-1.1452796367309228,51,C
4403,0.2215924615139615,31,C
4404,-2.2881060316525654,12,B
4405,0.2740324307572727,26,A
4406,1.27519770490801,37,C
4407,0.1449073478346481,43,A
4408,0.7271766782697205,4,B
4409,0.3301406900994567,65,A
4410,-0.3388962916455575,26,A
4411,-1.2953597882164924,25,B
4412,0.3956577963376624,5,A
4413,-1.3944074575985472,15,C
4414,0.5422167315546323,51,C
4415,-0.3251711636678949,50,C
4416,-0.4965956408737565,1,A
4417,-0.8672374621309407,55,B
4418,1.0830412685256825,35,B
4419,1.3921765329122455,28,B
4420,1.25873696245172,16,B
4421,-0.6396130501409899,53,C
4422,-0.5616792363419629,13,B
4423,0.2552174992993886,68,B
4424,-0.6819593064452939,79,C
4425,1.2651497533356406,94,B
4426,-0.5522314392797941,71,C
4427,0.8766802045061058,82,B
4428,-0.9834622204502116,54,B
4429,-0.822482691377787,37,B
4430,1.863720497166152,30,A
4431,0.1923411108539586,21,C
4432,0.0589733989977438,21,C
4433,-0.36251940989461,26,B
4434,-1.9081599971595256,64,C
4435,1.002398724969011,10,A
4436,0.354912622341387,18,B
4437,-0.293402515131618,15,A
4438,0.5647741631703574,48,B
4439,-0.1470535157299806,29,A
4440,0.7121326420586415,9,A
4441,-0.0653447275823261,18,A
4442,-0.405339138836699,14,C
4443,-1.5646780972161276,59,B
4444,1.7512594469151077,35,C
4445,-1.0946368864814962,71,A
4446,-0.2969916532221395,54,C
4447,0.6121687849223391,52,C
4448,1.1477518912503348,55,B
4449,0.8200352245661185,77,C
4450,0.4065519282240843,34,B
4451,-0.4852105310123832,15,B
4452,-0.8928190726520987,85,C
4453,0.5397402489305544,20,C
4454,-1.5336684466987778,64,A
4455,-0.9700251793066128,45,A
4456,0.4333218483581622,96,A
4457,2.169610872373453,98,C
4458,-1.1905942782977603,66,C
4459,2.0626517739472905,98,A
4460,0.3182647086313613,86,C
4461,1.1285485379853142,11,A
4462,-0.7114368037445068,96,B
4463,-0.1434968739462267,69,B
4464,-0.5351767512724667,22,B
4465,-1.0200386588264014,8,B
4466,-0.1180229165400876,46,A
4467,0.0687097928314988,62,C
4468,-0.3584062779043639,93,B
4469,-1.1031403944576166,34,A
4470,0.5050282182874708,82,C
4471,-1.398429752032376,50,A
4472,1.827227024816023,82,C
4473,-0.4186715745705262,99,A
4474,0.1641265060494975,87,B
4475,0.988255865522806,26,C
4476,0.2887863260596104,56,A
4477,-0.3077961998911984,13,B
4478,0.6418009814167778,93,C
4479,-1.2925938019339651,27,A
4480,-0.1206210445559915,63,C
4481,0.6086258335812952,36,C
4482,-0.387317684602276,58,A
4483,-0.7945483025512181,46,B
4484,-0.4989122932115595,65,C
4485,1.4842811702859708,43,C
4486,-0.3495040114356955,27,A
4487,-1.0596092756827586,50,B
4488,-0.2480212889296525,43,C
4489,-0.6309459465468757,63,B
4490,0.0941035240917193,40,B
4491,0.6256909619440492,99,C
4492,-0.7424677787904653,59,A
4493,-1.058592095781892,65,A
4494,0.6639936203413539,17,C
4495,0.9570091192087185,63,A
4496,-0.939631618098528,60,C
4497,-0.7612791691455639,12,C
4498,1.2687642042518363,70,A
4499,0.4102970274294992,19,A
4500,0.8185215922512051,21,A
4501,0.4153112535171531,32,C
4502,0.464953447768548,21,C
4503,0.9600673369692068,67,C
4504,0.289280628983983,66,C
4505,2.0850099719952384,85,B
4506,-1.000148263739687,91,A
4507,-0.7304340329157184,4,C
4508,-0.4197819983384018,15,C
4509,-1.2595226712319447,21,B
4510,1.2510593977660327,53,B
4511,-0.4992306773991141,25,B
4512,-1.134216707339885,44,C
4513,-2.008149997293391,8,B
4514,0.2222938031778434,66,A
4515,0.8767878057009302,1,B
4516,0.8315315657635769,96,B
4517,-0.2761338969370093,52,C
4518,1.5213012683830158,79,A
4519,-0.6578999582143716,93,B
4520,-0.1339898724717492,7,B
4521,-0.6294633773629441,73,A
4522,-0.8373766740585471,67,A
4523,0.7722001356776551,97,B
4524,-0.0781657988864269,27,A
4525,-0.4406371081613567,27,A
4526,-1.8381156422502032,73,A
4527,-1.9420218968820504,62,B
4528,1.020010090030368,28,A
4529,0.1530009462318067,50,C
4530,1.0507810755592093,84,C
4531,0.3070349640394713,22,A
4532,0.054215765945269,8,A
4533,-1.6475187723298683,7,B
4534,0.6314996170707929,5,C
4535,0.1615921758773101,69,C
4536,0.7430709187643926,86,B
4537,-0.3335367863994143,38,C
4538,-0.9022541206634432,86,C
4539,-0.8411079833449288,14,C
4540,-0.5621655368618595,37,A
4541,-0.7833155072417044,44,A
4542,-0.9145394500374744,24,B
4543,-1.5372920373248105,49,C
4544,1.2804695667654729,91,C
4545,-0.117135062422251,46,C
4546,-1.4976287030377786,7,B
4547,-1.1355249922604698,42,A
4548,-0.8683457208088248,55,A
4549,1.5394474464405177,28,A
4550,-0.5655300655590919,98,C
4551,-2.276183836923403,3,C
4552,0.0868052442537445,56,A
4553,-1.8148050071886577,91,B
4554,0.4814067537378633,29,A
4555,-1.3582621925536822,3,A
4556,0.5615627278784974,66,B
4557,0.5059707549092936,83,B
4558,-0.6516364061806328,46,A
4559,-1.3895987950841662,88,A
4560,-0.7910160305315007,88,B
4561,-0.6264992907241536,95,B
4562,0.1724824966526719,55,A
4563,1.4234362488464158,79,C
4564,0.1249067162785556,40,A
4565,0.6008170484053154,26,C
4566,0.5453294408727241,38,B
4567,2.0184837803849907,32,C
4568,-0.4728395254369372,90,B
4569,-1.1645327089083175,45,A
4570,1.7018870021221677,58,C
4571,-0.5379781777548109,59,B
4572,1.2351198671084005,76,B
4573,-0.4765652926133946,89,A
4574,-0.2089760354329965,88,B
4575,0.1778081110165473,67,A
4576,-0.166130086293692,26,A
4577,0.1581631512045581,41,B
4578,-0.2474663707622321,24,C
4579,-0.3970765219669823,27,B
4580,0.1335027868440774,46,C
4581,-1.4991083234048492,47,C
4582,0.7742595656820421,57,B
4583,-0.5699514728869595,89,C
4584,-0.4307966510414535,61,B
4585,-3.3032514497603707,12,C
4586,0.6090228268602832,14,A
4587,-0.0040981326698955,51,A
4588,-0.1998532805509443,82,A
4589,-0.1538399199262115,82,B
4590,-0.5995372140554539,34,B
4591,-0.9227871470360488,99,A
4592,-1.1272018821617935,9,A
4593,-0.9092041059329614,9,A
4594,0.2497658983326886,19,B
4595,-0.3652200209651943,31,B
4596,0.4010326558348046,60,C
4597,-0.4562343559823878,63,B
4598,-0.0269611833996841,77,C
4599,1.0662142407457065,21,A
4600,0.8748064492926396,96,C
4601,1.6531373453267488,9,A
4602,-1.4010104892455642,14,B
4603,-0.4468397179670576,23,B
4604,-0.7906400051922994,29,A
4605,2.1467264909119117,18,A
4606,0.5139444997082112,11,C
4607,0.4683299391921342,21,B
4608,1.2253756794865311,64,A
4609,1.4697266779231863,28,C
4610,1.1858086158476555,11,C
4611,-0.2871117672058797,61,C
4612,-1.3168525541551728,20,A
4613,0.5380412030594506,92,A
4614,-0.8803232160785949,54,B
4615,-1.8854401719290088,87,B
4616,0.3098184881093518,56,A
4617,1.2490797070771882,93,B
4618,-0.2205743705447953,66,A
4619,-0.5538433385184378,92,A
4620,0.2865489774761684,55,B
4621,-1.1151234235386882,82,C
4622,-0.3589099928810023,65,C
4623,-1.2286770097219568,30,B
4624,-0.3465391683283482,62,B
4625,-0.5073930090359736,47,C
4626,2.450097359921215,71,A
4627,1.8071019421668,12,C
4628,-1.8018269646919576,28,C
4629,-0.3461141809807512,51,C
4630,1.1773617459061807,93,C
4631,-2.227822098891033,63,B
4632,0.5100447232759138,20,B
4633,-0.4608920669637385,29,C
4634,-0.4569024050817452,89,C
4635,-0.2062889282799868,35,B
4636,0.082260621874493,60,C
4637,2.015833062641891,53,A
4638,0.2410271437255607,99,B
4639,0.4685768791794535,5,B
4640,0.1091185406153194,38,C
4641,0.907081127664334,20,A
4642,-0.560382915240158,50,B
4643,-1.650134057800554,4,B
4644,-0.3221370101696547,81,B
4645,0.153753218127021,88,A
4646,0.8760071670281788,64,A
4647,-0.3496438978326039,62,A
4648,0.0027644656817067,79,B
4649,1.483233016069155,77,C
4650,0.7028601887554388,23,C
4651,-0.0948323413515621,90,A
4652,-0.1184015718537467,98,A
4653,-0.6509181286397956,38,A
4654,-1.3707177596398976,75,C
4655,0.9743735918255342,61,A
4656,-0.3628728092663563,53,A
4657,0.6177413028462542,86,A
4658,-0.2402147961816328,21,B
4659,0.1302229198029625,38,C
4660,-0.3823501016240011,44,A
4661,1.9770021570397651,38,C
4662,0.3707043961440843,47,C
4663,1.6728947115510684,87,A
4664,-1.0679889875105977,18,B
4665,1.1488873812517488,1,C
4666,2.556674193171576,15,B
4667,-0.4115078198315722,73,C
4668,1.8505052213268225,59,B
4669,-0.899390846223007,22,A
4670,-0.8717017535406918,48,C
4671,-0.7682850497852964,82,A
4672,1.363710197371554,62,B
4673,-0.2983662931844031,39,A
4674,-0.3007215801721151,51,B
4675,0.9619362657852488,56,A
4676,-0.8540060399482496,30,A
4677,-0.5343946040030049,37,B
4678,-0.194086925582703,11,A
4679,-0.2034750007897199,61,B
4680,-0.8787688431558643,69,B
4681,-0.1456063574582903,95,A
4682,1.0354269607267397,85,B
4683,-1.4814984160282745,14,C
4684,-0.2957275487099112,52,A
4685,-0.8006474572977,73,A
4686,-0.0767421019288907,29,B
4687,0.8844540128587924,14,A
4688,1.419358534843569,65,B
4689,-0.8932861014704285,91,B
4690,-0.3684205465296786,97,A
4691,-0.3006217726309295,33,C
4692,0.6243176173430697,5,C
4693,1.1811137479703604,16,B
4694,0.8286219621437741,57,B
4695,0.5693447022599553,24,A
4696,0.0498503950428429,83,A
4697,-0.3483985877947864,5,A
4698,0.2579932596581501,98,B
4699,-0.8230358331323222,7,A
4700,-0.3145275145904741,82,A
4701,1.1772127907031325,89,A
4702,-0.6804730528103449,82,C
4703,-0.725457758311877,28,B
4704,0.1486363329365018,86,B
4705,-0.2255295007486009,77,C
4706,0.3776671031539112,53,C
4707,1.4487604652452386,60,C
4708,0.0988488719751092,41,A
4709,-0.2485460695005731,33,C
4710,-1.6277945511969447,76,B
4711,1.375375634736364,49,A
4712,-0.8288462283754461,63,B
4713,-0.3850880316147733,48,C
4714,0.5285117605739762,84,A
4715,-0.6221365529179763,6,A
4716,-0.1599951561604171,52,B
4717,-1.0819584891618896,50,A
4718,0.849401650189883,69,B
4719,0.0191759441635408,91,A
4720,-0.4519400539392027,48,A
4721,-0.2352058084699391,20,A
4722,-0.5380717859654074,3,B
4723,-0.4327501076377808,54,A
4724,-0.1584088849262102,8,A
4725,-0.0511452955193447,37,B
4726,0.2035309637521351,40,B
4727,-1.8066106638144752,4,B
4728,0.1106220247621073,10,A
4729,-0.853324696407693,98,A
4730,1.2557859121968564,66,B
4731,0.7460545181216125,26,C
4732,-0.6763243249954642,4,B
4733,-0.4097614015038383,14,B
4734,-0.4069527347092969,27,C
4735,2.524392364239536,68,C
4736,0.4070417770794844,30,B
4737,-0.2364648348694475,2,C
4738,-1.6781244353451978,30,A
4739,-0.6917575444006724,63,B
4740,-0.8513169610581272,68,B
4741,-1.041609422013866,37,C
4742,1.859731136067092,4,C
4743,0.0951644331870166,96,B
4744,0.963007197480884,1,B
4745,0.7998944397533264,91,C
4746,-1.2173532564516694,59,A
4747,0.2701609268815862,3,B
4748,-0.3362784382588676,29,A
4749,0.388647478942263,12,B
4750,1.4715101885058357,51,A
4751,-1.094145098148302,21,A
4752,-0.3924460656549688,78,C
4753,0.1993447235609239,53,A
4754,-0.0731924222283447,97,B
4755,0.1973671860633645,52,B
4756,-1.1326856448009148,59,A
4757,-0.0032968091965894,23,B
4758,1.4239782188649126,33,C
4759,-0.4790657366856647,77,A
4760,-1.9406638180074565,37,A
4761,1.9323429609085752,72,A
4762,-0.973561635314983,51,A
4763,0.5709099261921042,76,C
4764,0.1009506615634,17,B
4765,-1.2097132502713384,56,C
4766,-1.0964514171728197,16,C
4767,0.6718014451820764,2,B
4768,1.2647676967823032,86,A
4769,0.2389352892714506,13,B
4770,0.2077937468073186,95,B
4771,-0.8389753639897652,60,A
4772,0.4249995552316502,84,A
4773,-1.3154214488328122,2,C
4774,0.5642813833308459,79,C
4775,1.107680410350836,11,A
4776,-1.048596422582272,85,A
4777,-1.4228467244152243,93,C
4778,-0.7757588685309466,60,A
4779,-0.3649400635932965,47,A
4780,-0.50922811196949,5,C
4781,0.8333713998789055,14,A
4782,0.3482801336507937,79,C
4783,0.3272996112649539,85,C
4784,-0.134002401198644,20,B
4785,-0.1578934665552178,67,C
4786,-0.0034954427065849,14,A
4787,0.5091233764393956,30,A
4788,0.7166583584591937,13,B
4789,0.4362089910797225,45,B
4790,-1.6712916770103667,91,C
4791,0.585092120560173,22,C
4792,0.6575042093369589,5,C
4793,2.359877114114174,23,B
4794,-0.0465931704638194,15,C
4795,0.9629539908604496,3,A
4796,-1.7780242550132834,85,A
4797,1.866059813026269,81,C
4798,0.0850678761457278,24,C
4799,0.0710578585438183,23,C
4800,1.117089295814638,59,A
4801,-1.663765473884195,20,A
4802,0.951637226712775,25,A
4803,-0.0503063871228097,28,C
4804,-1.8639725663263984,18,C
4805,-0.2932630891184284,95,A
4806,1.1794376252834775,21,C
4807,-1.1166364695773578,59,B
4808,0.4055512709044384,16,B
4809,-0.5427950850900293,57,C
4810,0.9777884834622476,82,A
4811,-0.0571500799498672,52,C
4812,2.0956775340743965,49,A
4813,-0.1275134032458294,45,C
4814,1.481557179033402,7,A
4815,1.0463828140403229,63,B
4816,-0.3449413142901609,45,C
4817,-1.240094528972427,89,A
4818,1.772744652099223,68,A
4819,-0.2922835134617703,11,C
4820,-0.0761959226362074,92,C
4821,-0.7337948536060588,60,A
4822,-0.4750949212540843,74,B
4823,0.8995531846360348,28,C
4824,-1.0214531755665943,58,B
4825,1.6731361514977603,27,C
4826,-1.1821056288403815,92,B
4827,1.2670779666029564,82,B
4828,0.5412215822194375,28,A
4829,-0.4536733735792228,5,C
4830,1.2997994955187404,27,A
4831,1.5319484461443285,25,B
4832,-0.3912717420873987,80,A
4833,1.5724492099210985,95,B
4834,-0.6686026989504605,36,C
4835,-2.1196144100633685,18,A
4836,0.9477698620678994,43,C
4837,-0.3072050779614677,43,C
4838,1.2384162617247116,6,C
4839,-1.0923681166566663,88,B
4840,0.5785057418369278,92,C
4841,1.1738950650973503,77,C
4842,-0.8900623679836394,3,C
4843,-0.2471504105639041,98,B
4844,-0.6878874372367635,37,A
4845,0.2467732754267755,72,A
4846,-1.169564218145124,54,A
4847,0.4576508299974393,90,A
4848,-1.3486582394210342,74,C
4849,-0.9467393222465792,41,C
4850,-0.0835042395224386,51,C
4851,1.5050840821386633,65,A
4852,-0.934979559807166,75,B
4853,1.2183933272405154,63,A
4854,-1.2353551390941695,5,A
4855,0.907726558565584,97,C
4856,-0.8196434990789271,50,B
4857,-0.579098842363174,60,B
4858,0.4573981301753111,49,B
4859,1.4510987244043267,30,C
4860,0.133864886430033,15,A
4861,2.482166928899408,91,C
4862,-0.4742085640342313,49,A
4863,1.18027241602067,44,A
4864,0.8926347328639717,82,B
4865,0.9746455500724042,80,A
4866,0.3301525675921309,45,A
4867,0.1696690661056256,98,C
4868,-0.8368491390779057,1,B
4869,-1.226751305218569,94,C
4870,2.4660579005695022,76,B
4871,-0.4058421950539693,37,B
4872,1.089688833648762,36,B
4873,0.242211580882219,69,A
4874,-0.2735580969440214,46,B
4875,0.4094501858762975,34,C
4876,0.6423079877153027,36,C
4877,0.7318321886971157,73,A
4878,0.2632143485101976,49,C
4879,-0.4081628693402687,51,C
4880,0.776169015397039,83,A
4881,-1.215915578126345,25,B
4882,-1.1738148723410098,61,C
4883,0.7683522126931288,69,C
4884,-0.0086721374540953,10,B
4885,0.097026281809564,67,B
4886,1.5980732423277328,88,A
4887,0.1676500691961744,23,B
4888,-0.4001134082276908,35,A
4889,-0.0207490631385576,21,B
4890,-0.4264214355752775,35,A
4891,-2.9807223493966,14,A
4892,0.0725533896725713,20,C
4893,0.2563553462220886,49,A
4894,-1.312146035640234,55,B
4895,-0.4246667586352994,55,B
4896,1.5673096525128256,36,B
4897,1.6674748409442868,48,B
4898,0.6977812875847638,14,A
4899,-0.5393393315182786,1,C
4900,0.5240999383310423,63,A
4901,1.7210762509474962,85,A
4902,-0.4556020086379871,44,A
4903,-0.9064785697482788,91,C
4904,1.7848071738088316,63,C
4905,1.7640849958430171,16,C
4906,-0.4927309879499325,20,C
4907,-0.6394496856007458,83,B
4908,-0.3312897808412492,87,A
4909,-0.1194393176214612,73,C
4910,0.6394942486432118,50,A
4911,1.1669498665064382,16,C
4912,-0.8373083660804701,4,C
4913,0.1133795474454581,21,C
4914,0.9249010847072248,94,B
4915,-1.2226927390383289,40,B
4916,0.7371818781577617,22,B
4917,-0.2204104797540967,67,C
4918,0.2934839127208855,96,B
4919,0.27914117970435,35,C
4920,0.0188770509305125,52,A
4921,-1.0281281109597595,67,A
4922,-0.6548369689447143,32,B
4923,-0.5920222122637278,8,C
4924,0.1540344094961382,42,C
4925,0.338695407943579,96,A
4926,-2.0223938063536835,43,B
4927,-0.9008366041720136,39,A
4928,-0.4208198066895292,26,C
4929,1.25502915405589,64,A
4930,-2.5192343388002136,82,A
4931,-0.6143833451359924,84,B
4932,-0.8451225674321152,82,B
4933,0.5020707301954335,47,B
4934,0.6903721763256887,25,A
4935,-0.7677400541024565,21,A
4936,-0.576408547229246,6,C
4937,0.5995474064597504,40,B
4938,-0.8612849751272145,75,B
4939,0.0658263498756805,75,A
4940,0.2251059447639756,1,C
4941,0.937674754328511,19,A
4942,-1.1091609888865104,11,B
4943,0.4391948865079609,67,B
4944,0.4309456882391167,87,B
4945,0.6249934641356347,7,A
4946,-0.8144663131123668,10,B
4947,2.5544283518792255,15,A
4948,0.7818773109323939,43,A
4949,-1.2393544905675744,68,B
4950,-1.2892549529391402,67,A
4951,-1.7614698012888153,71,A
4952,1.3854904422674412,5,C
4953,-1.8033754864724092,47,B
4954,-0.8243412790309167,59,B
4955,0.534469941018288,97,C
4956,0.4297127411853769,41,C
4957,0.3836210401872482,70,B
4958,1.1261746062697355,73,A
4959,0.6105823377967134,23,C
4960,-0.4712719755023474,30,C
4961,-1.432167964821329,4,B
4962,0.7188586874077177,98,A
4963,0.3974696036418854,53,C
4964,1.4062062651630116,84,A
4965,1.8032763221283157,69,B
4966,-0.5307819963889274,99,B
4967,-0.8365954118835242,75,A
4968,-0.0606454716891011,19,B
4969,1.9586851130465437,80,A
4970,2.66796118650892,49,C
4971,0.030147985427,38,C
4972,0.7233147893627282,22,A
4973,0.7242309496787535,43,B
4974,-0.9169832588892364,27,B
4975,0.9010626336976926,28,B
4976,-0.1757190409844309,60,C
4977,-0.6332610758900844,26,C
4978,0.1820618558884879,83,A
4979,0.6009888462289633,86,A
4980,-1.8601669865911177,47,B
4981,-0.0555625760060198,17,B
4982,0.2966936024632478,26,C
4983,0.7211791513652256,74,B
4984,0.3111559211455801,76,A
4985,-0.7327508133490055,32,C
4986,0.2599652303286489,91,B
4987,-0.8816370793236541,6,C
4988,0.78654784724771,79,C
4989,0.3324535061314999,16,C
4990,0.681477611531124,33,B
4991,-0.3963788596726564,66,C
4992,-1.006480386672178,44,A
4993,-1.6530643235446825,74,C
4994,-0.4982720191967386,60,A
4995,0.0420309836769452,6,B
4996,0.8927115070247731,44,B
4997,-0.3815425613390451,1,B
4998,-1.0370278599949572,33,B
4999,0.2411165400811315,33,A
5000,0.4940462304593933,47,A
5001,0.744393579304932,14,A
5002,0.0468927840853401,22,B
5003,1.1044999486319604,53,A
5004,0.75493827154537,12,C
5005,-0.919808370859862,78,C
5006,-1.242462758001787,63,B
5007,-1.0479783659114346,12,B
5008,0.1948353759910257,70,C
5009,0.8485450513796159,13,A
5010,-0.4700082910242077,63,C
5011,-0.4524829133663524,42,A
5012,-0.5951172135082341,37,C
5013,-2.2148575534715773,87,A
5014,0.8896744951215636,73,C
5015,2.264063240137326,24,C
5016,-0.6614837925459001,42,C
5017,0.5611092859563005,70,C
5018,-0.9600090226484408,79,A
5019,0.7604022044018238,89,B
5020,2.3389806116987977,70,C
5021,0.8048871913375606,62,C
5022,0.4591835574780775,62,C
5023,2.1664472301041826,61,A
5024,1.7932240793434229,96,B
5025,2.2834602066745706,14,C
5026,-0.2516936063748032,35,C
5027,-2.440296899473292,73,C
5028,0.5071879084933907,74,A
5029,0.3448899937270854,43,B
5030,-0.1912867346912456,3,A
5031,0.1379471737177978,63,A
5032,0.7178444773162747,38,A
5033,-0.0790200494702302,16,C
5034,0.148531635545791,86,B
5035,-0.5557518913855553,71,B
5036,0.518752260116072,73,A
5037,-2.0996562009886195,32,A
5038,-1.1233842660638986,43,B
5039,-0.9878507367805536,26,C
5040,-0.3691945755117447,91,A
5041,0.5545553688620739,93,B
5042,1.3801801748422104,96,C
5043,-0.2311919291685406,74,C
5044,-0.3400562429598163,84,C
5045,-0.3024049023714472,21,C
5046,0.8012824803152031,86,A
5047,0.5902226781577647,7,B
5048,0.8466758645536987,81,A
5049,-1.0323711797229955,19,B
5050,-1.0992623643603028,25,A
5051,-1.147151280177319,10,B
5052,1.0597052742401796,24,B
5053,1.3309180876577895,80,A
5054,-1.2628373046890482,82,A
5055,-0.2415115732358979,16,A
5056,-0.6521366636073427,58,C
5057,0.5428193608344152,28,C
5058,0.0452566456247916,81,A
5059,-0.1498371938927843,18,A
5060,-0.2696560776394934,58,B
5061,0.466453967101414,84,C
5062,0.0958648295483008,63,C
5063,0.1033227901498049,56,A
5064,0.67182736455079,92,A
5065,-1.3590066170850266,53,A
5066,0.1484253004567713,91,B
5067,-0.7239342194327705,79,C
5068,0.158128167251265,11,A
5069,1.2389348558625786,81,A
5070,-0.7216697595040704,51,C
5071,0.2069862239601015,17,B
5072,-0.6521065046079395,33,A
5073,-0.3763332021247821,70,A
5074,0.6891402830730113,42,C
5075,-1.164798716096909,62,A
5076,1.0318957907174908,34,C
5077,-0.117600133897354,97,C
5078,1.5232026265229102,37,A
5079,1.603058929263138,44,B
5080,-0.991544325574004,59,A
5081,0.1137745741171557,4,A
5082,-0.1866679298357765,22,C
5083,1.5747416322562915,48,C
5084,0.614268180658601,99,A
5085,-0.6813392406643581,80,B
5086,-0.3572131390357468,84,C
5087,-0.8493588522153156,87,A
5088,-0.6961540551014999,81,C
5089,-0.0200630905186983,27,C
5090,-0.6815269999661631,31,C
5091,2.3997832797221545,49,B
5092,-1.214013268016809,7,A
5093,-0.8788249610025011,51,A
5094,1.834498354767702,32,C
5095,1.4939219356644216,55,B
5096,-1.2644531510136356,30,C
5097,0.2281476138821943,61,C
5098,0.2023460513738239,97,A
5099,0.6031931020178454,26,B
5100,-2.4899421947869347,83,A
5101,1.3430019248180245,9,C
5102,-0.2387368685695525,58,A
5103,-1.3937364305312403,38,A
5104,-1.140527907628912,42,C
5105,-0.7737627762582198,44,B
5106,0.3140893363930773,6,B
5107,-1.7989918842645891,82,B
5108,0.4306251578794369,13,A
5109,0.3197169868222458,60,B
5110,1.8358344451114177,59,B
5111,-1.09684083673993,9,B
5112,-0.4619225958066629,80,C
5113,-0.3090123641197871,65,A
5114,0.2831924340517238,64,C
5115,-1.0818550743621274,43,A
5116,1.0389404311956716,85,C
5117,0.7127927022795902,53,B
5118,-1.471416332222569,86,A
5119,1.5395122646288055,93,B
5120,0.1265672746870501,54,C
5121,0.8894000317882149,52,B
5122,0.1726634337049606,56,B
5123,-1.2698939150919717,64,C
5124,1.0206248427988758,51,A
5125,-0.8813376101006768,34,A
5126,-1.1203537097664693,98,C
5127,0.4077640321641365,62,A
5128,1.0995997750668038,32,C
5129,-1.329911973646707,71,B
5130,-0.2230314645528566,33,A
5131,-0.2240789101242158,73,C
5132,0.3167664004972301,70,A
5133,-0.9973140991729574,27,B
5134,-1.5757034967448855,19,A
5135,-1.4174449654372188,37,A
5136,-0.7135267055258528,1,A
5137,0.9957739753492152,18,C
5138,-0.5053197421331032,86,B
5139,0.8290531741165393,87,C
5140,0.2739396000610226,4,C
5141,-1.275206012833833,40,B
5142,-1.0940327755240842,1,A
5143,-2.2436148347959417,40,B
5144,-2.0322943235786664,6,B
5145,0.9937543752453604,83,A
5146,-2.2005636800450956,69,B
5147,0.3437339095914515,52,A
5148,-0.8488553705464931,43,C
5149,0.6055002439871683,62,C
5150,-0.2912741180906515,85,B
5151,-1.0021711021025677,97,B
5152,-1.6302588386865755,53,C
5153,0.0683368003358167,26,C
5154,-0.1817159234200305,7,A
5155,-2.554936226218545,22,C
5156,-0.7890864658949442,28,B
5157,-1.5090920187292254,42,C
5158,1.563677509570115,55,B
5159,-0.3591622574646055,82,A
5160,-0.2895433660042016,38,B
5161,-1.0502799872507722,45,C
5162,1.2930817235668717,21,A
5163,1.7092232395044713,80,A
5164,-0.2839717696015314,39,A
5165,-0.2540203958220426,48,B
5166,-2.7777389763858387,76,C
5167,0.4613280145629965,39,A
5168,0.157602360523115,23,B
5169,2.468897224241155,24,A
5170,0.9188323196100884,35,B
5171,-0.3201423111149535,19,B
5172,-0.4560949303509801,97,A
5173,-0.2989732941271326,55,B
5174,-0.852631765266425,84,B
5175,0.0718434226887585,87,B
5176,0.2284780552764483,18,C
5177,-2.6126002941216493,39,B
5178,-1.6260942748977532,26,B
5179,-0.7091789116272583,53,C
5180,1.4773924342917837,36,B
5181,0.0878053437434121,92,B
5182,-0.3836371544219387,93,A
5183,-0.2914407032044026,35,B
5184,-0.7557596925961323,94,C
5185,1.9065408783143656,46,A
5186,1.118654071400334,69,A
5187,0.6763771743395297,62,A
5188,1.1322298933842518,62,C
5189,-0.3263520810039072,9,A
5190,0.0393987071205943,99,B
5191,-0.7181064214258499,28,C
5192,-0.2614612634111048,18,C
5193,-0.3863868154680198,28,A
5194,-1.1136439000133396,4,A
5195,0.1925783579799023,70,B
5196,1.3014439897832952,53,C
5197,-0.6699466165979435,79,A
5198,-0.2273264254854017,44,B
5199,-0.633956424186524,94,C
5200,-0.7713657888113634,61,A
5201,0.4507043668901206,46,A
5202,0.8144916559535509,59,C
5203,-0.423522915143763,56,A
5204,2.124312553302768,44,B
5205,-1.3415992285577718,93,C
5206,0.558455856183832,31,A
5207,1.987050771120124,79,B
5208,-1.612016673681708,74,A
5209,-0.7246646072013722,8,C
5210,0.7580458688986316,24,C
5211,-0.1214513052402996,48,B
5212,-1.3645250199181314,35,A
5213,1.071819049507558,25,C
5214,-0.1054346632139905,56,C
5215,-1.9686754998576697,88,A
5216,-1.0304609034642112,38,B
5217,-0.3181793786152475,94,C
5218,0.6811811919604012,80,A
5219,-1.0451886157308088,18,B
5220,0.585059033167144,20,A
5221,-0.4161345011535541,20,C
5222,0.4989771637778588,96,C
5223,-0.7937636887102221,4,C
5224,-1.6949950979234485,80,C
5225,-0.4917054383969814,48,C
5226,-0.405726078780787,4,B
5227,-0.1342725025004124,82,B
5228,0.758199109406786,28,A
5229,0.5765699595498053,84,B
5230,0.2618238251341652,94,A
5231,0.463016685507211,70,B
5232,-0.1320897273901503,76,B
5233,-0.250013465300053,61,A
5234,2.0811716614824163,77,A
5235,-0.4023030901719913,99,C
5236,-2.0105683981418574,43,B
5237,0.1084953587300332,86,A
5238,0.4462749852622537,13,B
5239,-0.9257112323920345,80,A
5240,-0.4219675382066388,95,B
5241,-0.2659051303584342,11,A
5242,1.1666631809075565,14,A
5243,1.979585419241848,72,B
5244,1.0995365621146231,34,B
5245,1.078370829949169,32,A
5246,1.3068608755107742,80,A
5247,-0.5590477549379812,22,B
5248,-0.2191583086732396,83,B
5249,-0.5853717279163946,37,B
5250,1.1944346681139717,74,B
5251,0.1407988560894896,33,B
5252,-0.0255545033439716,64,A
5253,0.2926237160212936,78,A
5254,1.397646718830834,52,B
5255,1.1931228026826424,68,B
5256,0.738063044794164,3,C
5257,0.934184777575778,79,C
5258,-0.3574805637519625,69,A
5259,-1.5447270999762357,23,C
5260,0.3031081822655696,26,C
5261,-0.4494481039867512,27,A
5262,0.9261250121488284,71,C
5263,0.0490614606676556,81,B
5264,1.3057675756350169,67,C
5265,-0.337674637274939,37,B
5266,0.3403856463280815,10,B
5267,-3.5126647427964808,66,A
5268,-1.3359939730549135,68,B
5269,0.9790013098442296,77,C
5270,-0.0497046702886192,78,A
5271,-0.9098961361119294,9,C
5272,-1.8910632423572864,9,B
5273,-0.8942399263698555,46,A
5274,-0.1033324815885856,75,C
5275,0.0644632539152968,78,A
5276,0.0096973252596436,30,C
5277,1.089006740316285,20,C
5278,-0.4445995487427305,23,B
5279,1.426720154032474,86,A
5280,1.19257032071743,49,B
5281,0.2711977162326617,25,C
5282,-1.5557334820504287,64,A
5283,0.6472463372593514,52,C
5284,-0.2712251638466173,45,A
5285,-0.8948960431213728,75,B
5286,-0.8162005761374211,4,A
5287,0.7576502853225294,84,C
5288,0.7480587468445045,40,A
5289,0.5841912466552037,66,B
5290,-1.593113579604846,74,C
5291,0.2880875891935514,24,C
5292,-0.4956180465453099,25,A
5293,0.6775435844505368,87,A
5294,-1.334261351965596,62,C
5295,0.5086432283402497,75,B
5296,0.4662815887114806,12,C
5297,-0.8378597012394137,27,A
5298,-0.6928605094270436,1,B
5299,0.7727151207742244,65,B
5300,0.8002600867335132,9,B
5301,-0.5215534027197131,63,C
5302,-0.2102661525051982,94,A
5303,-0.7559918836917716,28,A
5304,0.5375105595175659,78,C
5305,-0.0750023020557939,3,C
5306,1.1931569942160882,33,B
5307,1.5724983107505777,60,A
5308,0.7092514544032659,54,C
5309,-0.3358049604174912,29,C
5310,-0.5829748487644358,42,A
5311,0.5628918415536576,92,A
5312,1.483201729204718,64,B
5313,-0.3053539687626253,82,B
5314,0.1489334766795889,24,B
5315,-1.4305252028935245,13,A
5316,-0.4048982988478085,91,A
5317,-0.2360953765986927,91,A
5318,-1.3675322935693868,32,C
5319,2.5087625902428057,40,B
5320,-1.822261471477174,16,A
5321,0.3830838419283585,95,B
5322,0.1396322497790058,44,A
5323,-1.825633710400032,38,B
5324,0.0967955401373401,71,C
5325,-0.1035381749896713,70,A
5326,0.908478614120268,70,A
5327,-0.879929640796153,52,B
5328,-1.8653361123720176,72,C
5329,-0.5724193942643402,93,B
5330,-0.1823893182915949,25,C
5331,0.974108775804686,42,A
5332,0.5956657846186452,64,B
5333,0.7212750294141492,92,C
5334,-0.5532611707616455,54,C
5335,0.754604694876299,60,B
5336,-0.1839298966259674,19,C
5337,1.2703567837213927,19,C
5338,0.4669828920249444,23,C
5339,-0.5301236927377735,59,B
5340,1.3536202826897763,12,A
5341,0.6766092504684512,66,A
5342,0.2866599011039113,54,A
5343,-0.5880340530628277,42,C
5344,0.8943615081964442,38,B
5345,-0.2795428479248562,47,C
5346,1.2086614199855024,51,C
5347,0.3127385190103816,14,A
5348,-1.617042489293424,52,C
5349,-0.2551487092505036,42,A
5350,-0.1553581104413898,54,B
5351,-0.2910242308364275,32,A
5352,1.4688932085626465,61,C
5353,-0.0654545230108077,19,B
5354,0.1889828805912537,28,C
5355,1.7152167777047749,80,B
5356,0.4084660834307611,45,A
5357,-0.7794838644135559,87,C
5358,-1.4764570923762672,38,A
5359,0.0064337685284324,84,B
5360,-0.5950531195627177,71,B
5361,-1.830986181986777,63,C
5362,0.5189839277359185,5,C
5363,0.2330858816693912,93,C
5364,2.6054848701048265,49,C
5365,-0.7979191668487674,56,A
5366,0.917019289936534,21,C
5367,1.8306479380817444,95,C
5368,0.5690215379635615,7,B
5369,-1.8324906704796085,78,B
5370,-0.1608979535834448,4,A
5371,0.6414419386468074,45,A
5372,-1.196796976859346,10,A
5373,-0.8665513224707256,2,B
5374,1.007262618924784,19,A
5375,1.169837344959403,65,B
5376,-1.300349700988779,14,A
5377,0.8568147479085417,2,B
5378,-0.1889768624795014,52,C
5379,-0.5376254393135577,87,C
5380,0.1785630160966095,95,A
5381,1.4615853145441706,29,A
5382,-0.6377977293340861,75,C
5383,0.5335485185839471,60,B
5384,1.6270789250438291,74,C
5385,1.129734324046909,5,C
5386,-0.6523555573858292,67,A
5387,-0.0806110761734713,56,A
5388,-0.6731398900702841,8,A
5389,-1.5381724545823623,23,A
5390,1.109120611849923,64,B
5391,-0.8687951226702074,63,C
5392,-1.837863757781847,29,B
5393,0.0128064065871571,57,A
5394,0.7970139707062762,91,B
5395,0.6502105935521841,62,C
5396,-0.7553612177971488,52,B
5397,-0.8569277747531391,12,C
5398,-1.092029470561932,38,B
5399,-0.5252773894180996,50,C
5400,-0.5130500775130068,84,C
5401,0.2839465394773938,85,C
5402,-0.107826249891148,38,C
5403,1.105403645236212,92,A
5404,-1.0031197776590828,55,A
5405,0.510072425983279,65,B
5406,0.8030926909771905,99,C
5407,-1.565443808026125,83,A
5408,-0.2518141726043044,3,B
5409,-1.54597877962078,91,B
5410,-1.4219523839542043,15,C
5411,0.7857912618610068,48,B
5412,-0.9840868702923324,16,C
5413,0.6416307063555423,73,C
5414,-0.1510916763893033,86,B
5415,-1.6329833609058206,43,C
5416,-1.4611308723364769,18,C
5417,-0.534420842757852,74,B
5418,1.3336001412661,89,A
5419,0.6637196229592099,87,B
5420,0.719638485654883,94,C
5421,-0.7353986528772211,96,A
5422,-1.3003452224814294,94,B
5423,1.568974106520019,17,C
5424,1.3176865954057095,81,A
5425,-0.6466924309469407,63,A
5426,-0.2720762957661873,91,B
5427,0.7384721497632929,32,B
5428,1.441373893487178,99,A
5429,1.3843591682108298,91,C
5430,-0.3798142660823637,48,A
5431,-0.9485928064335394,9,C
5432,0.7822887971663773,1,B
5433,-0.261608481007607,89,B
5434,-0.0279390323944319,64,A
5435,0.3596453734958501,60,C
5436,0.0721258725856286,26,A
5437,-0.7071937096028398,26,B
5438,-0.0749120379056504,77,B
5439,0.2095371956222357,61,A
5440,-0.5766860772839741,82,A
5441,0.4465066033556401,97,A
5442,0.6397817316244768,82,A
5443,-0.3949728219097059,6,C
5444,-1.0251294347992832,65,B
5445,0.1875913234820448,50,A
5446,0.0081906674444239,37,C
5447,-0.6588143088860936,48,B
5448,-0.2367184271373821,83,C
5449,-0.6876685374104669,35,C
5450,-0.2142092655166842,2,A
5451,-0.2660489940118817,70,A
5452,0.1261884831190886,67,B
5453,0.7829549168220082,24,B
5454,-1.700805389114378,80,C
5455,0.8246415554119602,38,C
5456,0.9297003771334812,43,A
5457,0.2754722590139699,4,B
5458,0.5599043695471996,78,B
5459,-1.5037191467019704,53,B
5460,-0.2756611290781573,24,A
5461,0.6033305943437365,44,C
5462,-0.5074287287016092,2,C
5463,0.8131159550440414,88,A
5464,1.0757364298761132,94,C
5465,-0.7081908111647469,24,B
5466,-0.4495602937487423,32,C
5467,-1.105954124943567,49,B
5468,0.6502487810231431,81,A
5469,1.0865902117539512,90,B
5470,-0.8463500946141405,14,B
5471,0.2269385968985294,47,A
5472,-0.2448713282794531,70,A
5473,0.1229366074308428,53,B
5474,-0.2821314441515301,44,A
5475,0.4112303995960055,40,A
5476,-0.3357704874131758,45,A
5477,-0.5435095679889382,42,B
5478,-0.4486719040744834,25,A
5479,-1.5412764661985958,95,A
5480,-3.365248783397245,23,B
5481,-0.5877442545947852,96,B
5482,0.763548388313986,53,A
5483,-0.127051510424467,4,C
5484,-1.0884118892512429,61,B
5485,-0.9434164111214082,78,A
5486,-0.985855642549206,30,C
5487,-0.4876319597043322,26,B
5488,-0.0532872270767133,81,C
5489,0.178769056560399,11,A
5490,-0.989334368044392,86,C
5491,1.069280521095895,8,A
5492,-0.2866901539822317,78,A
5493,-0.6354166169974861,89,C
5494,-1.3545015648381085,95,A
5495,-0.1968087191216549,53,C
5496,0.2598755957791108,39,C
5497,-1.1465643406552368,96,C
5498,-0.1745735184202135,25,C
5499,-1.1685530096640775,14,C
5500,0.0513179552085965,20,A
5501,0.2763095097506745,12,B
5502,-0.175829320084933,42,B
5503,-0.3674885458516129,19,C
5504,-1.5459630923639294,75,A
5505,-0.1573504421227475,50,A
5506,0.5183081379731123,20,A
5507,1.62196344683969,24,C
5508,-2.0910076082598335,94,A
5509,-0.0831060680809455,54,A
5510,-0.0152442826350634,34,A
5511,-0.94895992424697,17,C
5512,-0.0872119699319929,50,A
5513,0.2748868978657744,20,B
5514,-2.1642804354356167,49,B
5515,0.2582686523609862,44,C
5516,0.581202242315372,23,C
5517,2.506797856405969,32,C
5518,0.039550051605185,70,C
5519,-0.5601501269938342,65,A
5520,-1.9594961575103644,83,A
5521,-0.9356276695341584,59,B
5522,-0.9979036452197184,71,A
5523,-0.0273306721868312,13,A
5524,0.4221165441929641,10,C
5525,-1.231919752725447,40,C
5526,0.1450961525241892,54,C
5527,-0.7265410608147292,23,C
5528,-0.5418531707198525,19,C
5529,-0.4800363923259365,95,A
5530,-0.2039450499874193,11,A
5531,0.3140690073485161,1,B
5532,0.8573382201093324,56,A
5533,-1.2214840825223188,2,B
5534,0.3977191741520645,6,C
5535,-1.2830872552185686,84,C
5536,-1.0248412920204069,45,C
5537,-0.1279379186480458,57,B
5538,0.4862001755209147,56,C
5539,0.5763352781390688,44,C
5540,-0.6188373981684129,64,A
5541,0.4229951226836629,63,C
5542,-0.966621741655894,55,C
5543,-0.9090560918260234,21,C
5544,0.440494294377969,68,B
5545,-1.0385959650043883,8,C
5546,-0.5097552452747346,90,C
5547,1.1920471825176648,96,A
5548,-0.397321093595289,35,A
5549,0.0992264233802327,44,A
5550,-0.3778595170687311,59,A
5551,-0.0142926364891754,41,A
5552,-0.5454707374020791,94,A
5553,-0.3907824648728082,90,A
5554,-0.1220338653019064,4,A
5555,-0.4388003085370607,7,A
5556,-1.1233197456165902,61,A
5557,-0.1339697266965382,8,B
5558,-0.3916249908811252,28,B
5559,0.239151928072929,31,C
5560,0.1101124033583226,91,B
5561,-0.2950805790234525,96,A
5562,0.8518283353987468,85,A
5563,-1.5004563532300872,11,B
5564,-0.5766968019503617,75,B
5565,-0.1268224766437443,76,C
5566,-0.7825079913232909,9,A
5567,-0.5052286238596714,9,C
5568,-0.8439212873047501,85,C
5569,0.2608051441198413,95,B
5570,1.1996045853271255,96,A
5571,0.4782265246137752,97,A
5572,0.1069678999892761,93,C
5573,0.757986094150977,56,C
5574,-0.3354511052107988,29,C
5575,1.2749395093427731,69,A
5576,-0.6037373865611779,33,C
5577,-0.4183318482803292,46,A
5578,-0.3204530088774788,43,B
5579,-0.8083192932983412,56,A
5580,-0.8356815534201231,89,A
5581,0.3658437160162502,96,B
5582,-0.6103304252979831,21,B
5583,-1.67630391418981,53,B
5584,0.0037247804601987,20,A
5585,0.228683323481403,25,A
5586,-0.3934058230857215,24,A
5587,-0.3037117172008304,52,C
5588,0.564845150144208,21,B
5589,0.8598517663844618,97,C
5590,-0.7144519663485205,31,A
5591,0.1428675993202622,42,A
5592,-1.2696387499263326,22,C
5593,-0.4681339237088042,27,B
5594,0.2520549815624417,69,C
5595,0.0552143673994715,23,C
5596,0.6653235913518676,84,B
5597,1.3255767014121211,24,A
5598,-0.8652087976929898,5,C
5599,-0.9597278485878354,26,B
5600,0.2778366012342761,98,A
5601,-1.443875134422565,95,B
5602,-1.2627679396484632,17,C
5603,1.0619601499290612,64,B
5604,1.3005118226050203,40,B
5605,0.2329665852707265,21,C
5606,0.4150725275687937,36,B
5607,0.1672458359836229,17,C
5608,1.3675663124850128,63,B
5609,0.2012724483895103,16,A
5610,-0.2784461254024494,61,B
5611,-1.0910476223704668,86,B
5612,0.1696777161001346,39,B
5613,-1.2845635751621436,6,B
5614,-0.4168410344817006,20,B
5615,-0.8826520413563216,15,C
5616,0.689604865388533,60,A
5617,0.716896415762478,8,C
5618,1.3153296800888306,54,A
5619,0.7495927465224429,56,B
5620,1.4004295187127311,2,B
5621,0.1016929366511227,52,A
5622,0.6875508461653527,81,B
5623,-0.5830233375203165,37,C
5624,-1.518553475910622,27,B
5625,-0.2970358935695232,3,C
5626,-0.4304091126809551,96,C
5627,-0.0940371156925093,5,A
5628,-0.9374942399268452,23,A
5629,0.5794724269925026,15,C
5630,-1.1892885386456395,50,A
5631,-0.0276708937452623,36,B
5632,-0.0059117495913454,54,C
5633,0.3708911076232964,91,C
5634,-0.1808443642825889,29,C
5635,-0.3623759430645511,96,A
5636,-1.737195477213753,29,A
5637,-0.2153676253724566,4,C
5638,-0.3875230385745253,60,A
5639,-0.2832378369518248,32,A
5640,-0.7140577219450792,20,A
5641,-1.7806283068891309,3,B
5642,0.2866346799273163,34,B
5643,0.1968037880404006,95,A
5644,-1.190681128110954,57,A
5645,-0.3936760850311047,7,B
5646,-0.4190629015943139,81,B
5647,-0.7474342934677912,30,A
5648,-0.839193880856873,15,B
5649,-0.8379457787862092,1,C
5650,0.5152177217944157,37,B
5651,0.9908468148759682,77,B
5652,-1.1396223965462229,47,A
5653,0.0348786230191687,79,A
5654,-0.6420366610712777,40,A
5655,-0.4190008861789837,44,C
5656,1.5026889006507227,70,C
5657,-0.6446217038219447,92,A
5658,0.587915481503191,56,A
5659,-0.2004219850141316,52,B
5660,-0.9001607730995326,90,B
5661,1.9679299783577804,69,B
5662,-1.4139424557406273,86,A
5663,-0.3312755817082654,83,A
5664,-0.659630227067208,21,A
5665,0.9284746634682928,67,B
5666,-0.3412747659011735,60,A
5667,-0.0539446744051962,32,B
5668,-2.1897966372602076,8,A
5669,0.2286394340110031,4,C
5670,-0.8995169123768856,47,B
5671,0.6628891485271989,72,C
5672,-1.0353695848894704,33,B
5673,-1.5377946595719687,51,B
5674,0.5954146084356575,74,C
5675,-1.4562694497589346,90,A
5676,-1.227631561908639,75,B
5677,-1.240650108580461,24,A
5678,0.3302146976652559,81,C
5679,1.086306286591653,80,A
5680,-1.853107108335024,8,A
5681,0.8806844629199022,14,B
5682,1.2835256566100368,22,C
5683,0.8369619700423722,27,A
5684,0.821981623457248,33,C
5685,0.1384529968460343,82,B
5686,-0.0833447024248262,3,B
5687,1.06170265628512,52,A
5688,-0.831377933172691,45,B
5689,-0.0229139281008688,11,B
5690,0.4571067406070555,5,B
5691,1.543482505198912,25,B
5692,0.6713494417215158,54,C
5693,0.5817093700789605,50,B
5694,0.9800035756461332,43,B
5695,1.058917103719065,71,B
5696,-0.0228690005824898,80,A
5697,0.0462327359996898,96,A
5698,0.1267500300707965,2,A
5699,-0.2558549423250447,73,C
5700,0.1327079305906272,69,C
5701,1.8496658170781837,38,C
5702,-0.7156484109739356,8,B
5703,-1.294385688370899,64,C
5704,1.593638072327885,79,A
5705,0.5444903382961676,6,B
5706,-0.5738227006901638,16,C
5707,-0.0265440885140726,76,B
5708,0.3895303059579945,88,C
5709,0.6189012287505641,27,B
5710,0.016744535645904,14,B
5711,2.797177814101865,4,B
5712,0.5731345252062822,89,B
5713,0.2385017570150574,35,A
5714,-0.0877074056301769,29,C
5715,-0.5443004165297148,83,A
5716,-0.7311662976942889,76,A
5717,0.1028702165313257,53,C
5718,0.5228940489689882,48,B
5719,0.4796851718112017,63,C
5720,-0.2569464195690833,4,C
5721,0.9369021748182552,5,B
5722,-0.8999266817705276,48,C
5723,-0.0833621448706073,67,A
5724,-1.3325197921014915,61,B
5725,0.5237202604497158,36,C
5726,-0.0630832989115812,90,B
5727,2.624497480222769,94,B
5728,-0.7559175069828925,64,A
5729,0.6044482616167179,24,A
5730,-0.3591872162830865,21,B
5731,0.7631693621481765,26,B
5732,-2.0328280694602854,8,B
5733,0.1703801966818983,45,A
5734,-0.9500174593210864,28,A
5735,-0.3972839413524213,28,C
5736,-1.5103684334412195,74,B
5737,0.2681831461150301,11,A
5738,-2.2410511097115053,32,B
5739,0.6949175529401196,15,A
5740,1.1888584612264943,63,A
5741,-0.2366518887296988,11,C
5742,0.2730204695237015,55,A
5743,-1.2632825009943371,94,A
5744,1.1623642076966283,87,A
5745,1.8257083557186145,93,C
5746,-0.6612871942568396,23,B
5747,0.1251085080283697,5,A
5748,0.9396499692776532,68,A
5749,-0.0105298354473546,2,C
5750,-0.937381174711626,27,B
5751,-0.6238665002113563,12,B
5752,-0.8271194588057793,99,A
5753,2.178769365479732,32,A
5754,0.0036848661872099,46,C
5755,0.3584436201592134,44,A
5756,-0.3481832748024713,71,C
5757,1.0920959181322345,33,C
5758,2.0474449174008655,17,B
5759,1.2181319267357174,74,B
5760,2.095692949950508,94,C
5761,0.9395921235734496,36,B
5762,-1.0832190546068894,16,C
5763,-2.661467762799052,21,A
5764,0.0919202923146513,28,A
5765,-0.1242688720856756,81,B
5766,-0.3172383076911907,75,C
5767,-0.5448662317395795,20,B
5768,-0.8780661228557659,76,B
5769,1.174498294861524,96,C
5770,0.5424544921071496,62,C
5771,1.1334120655115576,82,C
5772,-0.0348690742265211,45,A
5773,-0.1434307199841253,69,B
5774,-1.168317464210395,37,B
5775,1.2185034198679812,87,A
5776,0.254764591149064,51,B
5777,0.4264315327834516,20,C
5778,0.5571987569906731,30,C
5779,-2.1500699921322504,39,A
5780,0.1101476315152409,44,B
5781,1.2393878732535692,35,B
5782,-0.0199070514240043,92,A
5783,-1.889758943207233,76,B
5784,0.4157014719118274,56,C
5785,-1.2997386033551783,99,A
5786,-0.2998816663716656,87,C
5787,1.0464056419971075,69,A
5788,-0.2190723152687039,93,B
5789,0.8565580579770039,47,B
5790,-1.112463886905864,27,C
5791,0.5072933147679591,25,B
5792,-0.3814486205190029,74,B
5793,1.1021822238358343,36,B
5794,0.9723692122362068,88,C
5795,-0.2094200513890089,99,B
5796,0.5014788293876592,41,C
5797,1.0205866038737603,35,A
5798,0.8035173639673185,73,C
5799,1.3977751790477286,4,C
5800,0.8800835677950803,51,B
5801,-0.3605124663491613,32,C
5802,-2.067595891163437,17,B
5803,-0.1906616551700391,85,B
5804,0.0730765071958668,85,B
5805,-1.1419906853705728,92,B
5806,-1.5461322118708811,35,B
5807,0.2010953750662218,91,C
5808,-0.4698962409126664,86,B
5809,-0.128491330333407,33,A
5810,-1.6183057256822626,26,B
5811,-0.6075140160971761,10,A
5812,-0.6616182521003012,68,A
5813,0.5080117678240819,38,C
5814,-1.062521454246008,41,A
5815,-0.9688592783573798,17,A
5816,0.1175448089687144,12,B
5817,0.1609763899778992,75,A
5818,0.9466224617972152,21,B
5819,-0.8237311796892587,14,A
5820,0.118507199386687,38,A
5821,-0.622766354356662,43,A
5822,0.1471834627365808,13,B
5823,-1.8485191019330336,23,C
5824,0.4636848331825861,27,B
5825,0.9290895799080718,58,C
5826,-0.7637085199147601,39,A
5827,1.291387671520178,64,B
5828,0.0472441282508577,21,A
5829,-0.2124273982014457,7,C
5830,-0.2938623982999711,6,B
5831,-0.1786150159747324,89,B
5832,-0.9261953393858556,40,A
5833,0.7699870786307113,70,A
5834,-0.5362368675307739,47,B
5835,0.7702017819528268,81,C
5836,0.7936356564906274,56,B
5837,-0.5528979531079303,93,B
5838,0.5860919142411545,8,B
5839,1.0790019639413422,8,A
5840,-0.8934608535642378,34,C
5841,0.4467881446780213,14,B
5842,1.037176825644216,16,C
5843,-1.6022057612654903,68,C
5844,0.566244369846956,57,C
5845,-0.5996437720938907,34,B
5846,0.7615313039502921,13,A
5847,-0.2424052520718552,70,B
5848,-0.0408687444821347,80,B
5849,-0.8941858182664721,13,C
5850,1.2968581469942178,71,B
5851,-0.3568312318093732,65,A
5852,-0.6319253415509177,68,B
5853,0.9977987978801496,17,B
5854,2.02411211175981,94,C
5855,-1.0858031545342377,94,C
5856,0.6142792124591427,99,B
5857,2.627891939840219,63,C
5858,1.7550265915325405,60,A
5859,-1.5491759325664831,37,A
5860,-1.0217415792447502,59,C
5861,-0.1121432250765228,59,C
5862,-0.8320311489760324,38,B
5863,-1.3989901482968785,72,B
5864,-0.015616469748541,54,A
5865,-1.1894635750518483,67,A
5866,0.9605437638495528,30,A
5867,1.7722383512084574,42,B
5868,0.2421765037613515,91,B
5869,-1.435848700341218,77,C
5870,-0.7624851532827915,74,A
5871,-0.0545493601390216,44,C
5872,1.0852005249602004,15,A
5873,0.636053806971217,90,C
5874,-0.5172700595705014,35,C
5875,0.954539217320656,62,A
5876,-0.3601814397300589,83,B
5877,-0.2858202080623515,59,A
5878,0.4672243354722922,67,B
5879,-1.2662746680439685,50,C
5880,1.183574334759925,98,C
5881,-0.1090571901543318,66,A
5882,0.7977449311745478,54,C
5883,-0.8855099587977071,45,C
5884,0.6791645646041289,73,A
5885,0.0104168410844812,81,B
5886,1.0744264884223915,18,B
5887,0.3840078394803952,27,B
5888,-0.1710112204038972,90,B
5889,0.3238233607983179,79,A
5890,0.7656551628040923,37,A
5891,0.2124326618108171,14,A
5892,0.5488579886641635,81,C
5893,-0.3757285836783661,65,A
5894,0.2966540180364542,33,B
5895,-0.0211497189875993,44,C
5896,-0.4871498495812648,69,B
5897,0.8131258514273403,75,B
5898,-0.4025345002440085,16,A
5899,0.3880323295053545,45,B
5900,-0.3954574506580735,65,C
5901,-1.0125065389787222,7,A
5902,-0.6109003208797328,49,C
5903,0.0787217927489767,63,B
5904,0.8847001282815683,44,A
5905,0.1003796614432014,21,C
5906,-0.3628327842359337,90,B
5907,-0.4772537911652553,26,A
5908,0.1082038395207667,97,A
5909,0.2555216133966386,40,A
5910,-0.5845878692336682,50,C
5911,1.7864172952080637,48,A
5912,0.4984805547648072,14,A
5913,-0.1503171882253201,89,B
5914,0.4243578930519961,61,B
5915,-0.4160779614621062,95,C
5916,2.2743964620200994,25,A
5917,-0.0133459595308573,86,C
5918,-0.6765348295446932,42,A
5919,-0.9633279328655864,4,A
5920,-1.5417848299040853,63,C
5921,1.783362989603868,38,B
5922,-1.1592972419778071,25,A
5923,-0.0949349701037677,33,B
5924,1.2129743125224437,22,C
5925,-0.336537906986136,94,A
5926,-0.3074035999755862,30,B
5927,0.568342452780284,64,A
5928,-0.2042976908309589,60,A
5929,-0.9936870399485326,85,A
5930,-0.2699670894927861,76,C
5931,-0.4784575656921389,51,A
5932,1.167781037097175,64,C
5933,0.0624335134589043,56,A
5934,1.6503665577796884,59,A
5935,0.3821837790654488,3,A
5936,-1.3088806397854602,23,C
5937,1.5184078194269437,40,B
5938,0.6813732897399002,8,A
5939,1.1802235085641966,39,B
5940,-0.7965997292535473,77,C
5941,0.5846675105271593,21,B
5942,-0.4154934350398855,76,A
5943,1.01747178975978,36,C
5944,1.4297865395766014,99,B
5945,-0.8443767882631583,5,B
5946,-1.0680977021828078,62,B
5947,-0.0651012046880114,65,A
5948,0.3802847283254143,83,A
5949,0.6272799276679786,51,B
5950,0.4890044984437161,63,B
5951,2.536466592162324,86,B
5952,-0.0798981497853306,62,C
5953,-0.4146574869316022,3,A
5954,1.602424566729702,14,C
5955,-0.9102591624625084,58,A
5956,-1.2319456627043417,39,B
5957,0.930378768055336,14,C
5958,-0.0796657110024216,77,A
5959,0.2498811663810037,62,A
5960,0.930874468625766,34,B
5961,-0.968840588327368,2,A
5962,0.5786013253619304,60,C
5963,0.3323521681788979,7,A
5964,1.2411827273660463,67,C
5965,-0.7687907507200629,28,C
5966,-0.9199749363345257,68,B
5967,-0.0561436173046075,34,C
5968,0.6480282144826788,18,C
5969,0.3324836083279495,76,B
5970,0.1453487048694605,86,C
5971,-1.890345838208693,64,A
5972,-0.9259897187174848,83,A
5973,1.399007039817846,74,B
5974,-0.0543498770450165,6,A
5975,-0.3532867157503986,66,B
5976,-1.2426614256926969,16,B
5977,0.2313889757474742,54,A
5978,-1.4162289566282389,22,C
5979,-0.2944109050355245,97,A
5980,-1.699775505579259,76,C
5981,-0.3312628695182817,69,B
5982,0.8491076418696201,10,B
5983,0.9946415208032516,16,C
5984,0.5833368495819473,78,B
5985,0.0099064386097357,57,B
5986,-1.0864092806465742,7,A
5987,-0.636031972837438,74,B
5988,-0.6667589082526576,90,B
5989,-1.6825430655133478,94,A
5990,-0.4662612571986105,54,C
5991,-3.646886111131379,33,A
5992,-1.080366371144962,46,A
5993,1.2997348574186809,44,A
5994,1.2441974914192384,86,B
5995,-1.3225221181655729,84,C
5996,-0.3947712443648378,32,B
5997,-1.3554626496403075,55,C
5998,-0.628945103649802,94,A
5999,0.6564413664741143,59,A
6000,-1.0135061693158198,39,B
6001,0.2740745430914784,93,B
6002,0.8239069051327613,99,C
6003,-0.8842082159265785,67,A
6004,-0.3442582330961749,4,B
6005,0.6203303659965037,62,A
6006,0.3936416467847733,53,C
6007,-0.0174740931178689,67,A
6008,0.1067071939586528,2,C
6009,-0.208314266455295,42,B
6010,3.429799760345289,73,B
6011,0.7585734646653661,13,A
6012,0.5209249185788938,87,C
6013,-2.2862347770574263,55,A
6014,0.0152301435403102,38,C
6015,0.6654934819031351,20,C
6016,-0.736479522979961,48,A
6017,0.6342603499554227,80,C
6018,1.2110841497304536,98,C
6019,0.6249014387574808,54,C
6020,0.4638352296598367,63,B
6021,-0.1365619973260329,58,C
6022,-0.8713157104991306,2,A
6023,-0.0482019243235593,74,B
6024,1.220751362877906,39,B
6025,-0.1378464701790364,11,A
6026,0.0827946015897285,24,A
6027,0.1276102087042824,80,B
6028,0.7405153086331617,12,B
6029,-0.5337019464796653,90,A
6030,0.1768054367662406,37,B
6031,-0.1924417565460827,45,C
6032,0.2158078710362441,64,B
6033,-0.932565128800564,46,B
6034,-1.0125705386698558,25,A
6035,1.7485156078027964,56,A
6036,0.4591099874049606,41,B
6037,1.242893269445567,74,A
6038,-1.404731108130063,40,C
6039,0.978608163815494,57,C
6040,-1.304069757027598,99,B
6041,0.0449605353693892,99,C
6042,-0.0535891790174696,52,C
6043,0.9133518438300902,37,B
6044,1.425775487250742,70,C
6045,1.0728114307141656,22,C
6046,0.9189131284605953,57,C
6047,-1.1556791584190824,20,C
6048,0.641510721056676,7,A
6049,1.056528042141618,44,B
6050,-0.3927818661723892,45,A
6051,-0.5092252322399947,43,A
6052,-1.3812908171986795,52,B
6053,0.5831526674811514,94,C
6054,-0.9768406192142138,63,C
6055,1.050959346071595,61,C
6056,0.2841940344490339,63,C
6057,-0.8571315014853337,81,B
6058,-0.0183950859400913,43,B
6059,-1.2230612001605832,15,B
6060,-1.411383745189503,5,B
6061,-1.1980173658505946,93,C
6062,-0.083064906044261,95,B
6063,-0.1907962728164686,72,C
6064,1.336952083415211,77,A
6065,-1.2457353975406926,16,C
6066,1.3185442120255066,8,B
6067,0.1902436125525749,1,B
6068,-0.6213592198285377,63,A
6069,-1.4153207021646486,33,B
6070,-0.3618374833339943,51,B
6071,-0.3628556774234795,7,A
6072,-0.3981121342317043,58,C
6073,-0.830358375907065,99,A
6074,-1.584466218740892,24,B
6075,0.3678096860478683,85,C
6076,-1.7005992830435062,40,C
6077,0.4033232710512174,12,A
6078,0.1083168397306348,22,A
6079,0.0410699659269643,67,B
6080,-1.6567955566468302,95,B
6081,-1.1050849477382898,45,B
6082,-0.446846159865651,64,C
6083,0.3580660984629629,76,A
6084,0.1324869991204424,43,C
6085,1.147330442376794,5,B
6086,0.839401517992001,57,A
6087,-0.236228114926713,59,B
6088,0.0884688473318713,20,A
6089,-0.1360697598922648,40,B
6090,-0.6946635993831294,34,C
6091,-0.5664791972574149,88,B
6092,-0.0577605211600428,35,A
6093,0.5326374869666183,29,B
6094,-0.940857857651088,48,C
6095,-0.3453734456871773,46,B
6096,-0.9884813016855156,65,C
6097,0.0069831367631948,75,B
6098,-0.7985332856561022,65,C
6099,-1.641562688141735,98,B
6100,0.223690603753866,80,B
6101,-1.749198655510943,32,B
6102,2.1273462063407584,20,B
6103,1.5396257393574295,8,C
6104,0.1057634323490706,64,B
6105,-0.9733269607493475,99,C
6106,-0.1483407293003267,94,B
6107,-0.0072003140989805,34,B
6108,1.0535618426261508,86,B
6109,0.997366347862196,46,A
6110,1.1133480384173098,36,C
6111,-0.2181335752387428,60,B
6112,0.7395389578788113,28,B
6113,0.9852442694487,67,C
6114,0.4806653017982113,58,B
6115,0.3852248671656292,78,A
6116,-0.2580680030910432,51,B
6117,0.4647261152175602,36,B
6118,-1.5507829042658314,30,A
6119,0.1408390800922713,1,B
6120,1.98237290689588,36,B
6121,1.1510751027348682,5,B
6122,0.1566074116651376,76,B
6123,-2.1269416211577092,46,B
6124,0.4720368572656196,38,B
6125,1.8076219581199824,61,A
6126,1.8895417596504829,23,B
6127,0.1017760306785991,15,A
6128,2.4196990635762257,24,B
6129,0.0118750874590793,26,A
6130,-0.60359170992458,21,B
6131,0.7365211308103893,92,C
6132,-1.1433497821160798,64,A
6133,0.0026008765285651,73,C
6134,-1.359866391725962,39,B
6135,-0.7905578260448404,95,A
6136,-0.7961391703668405,1,B
6137,0.0843159886482794,61,C
6138,0.8627511836345338,38,B
6139,0.4390995039664809,10,B
6140,-0.5445444936269253,27,C
6141,-0.8185571347650803,14,A
6142,0.92798414214921,4,C
6143,-0.4328206719648361,21,C
6144,2.3163459774585915,60,A
6145,-0.0673909029557629,9,B
6146,-1.1120276073864872,32,C
6147,-0.2212235730045004,11,C
6148,-1.0247961119212152,64,B
6149,-0.6761070647671914,58,B
6150,0.280084286970311,3,A
6151,0.2449248486405097,22,B
6152,-0.2102304864103339,6,B
6153,0.3397326299174445,64,B
6154,-0.6993729670878877,96,B
6155,1.2848100176678672,80,B
6156,1.7961355872573064,97,C
6157,1.3007152495216403,88,A
6158,0.8419577915731309,80,A
6159,-1.0060513452063458,16,A
6160,-1.2808354978259373,86,B
6161,2.422838619095915,29,B
6162,1.3253511689333686,90,A
6163,1.741868615849577,37,B
6164,0.2784172546390498,82,A
6165,0.3126752379538367,22,B
6166,-3.2679014476747845,67,B
6167,1.552002520001632,70,C
6168,-0.2554884082755173,4,C
6169,2.558609756388902,58,A
6170,0.0536913402937173,97,B
6171,-0.9808672046659018,86,C
6172,1.358804946238806,92,A
6173,0.2021094221867536,58,C
6174,-1.137363583802766,4,C
6175,0.0987167345234893,68,B
6176,1.3633873619233832,56,B
6177,-1.7228151515194865,56,C
6178,0.4619225839595676,75,A
6179,-0.0914719209286568,24,C
6180,2.778678882692871,32,A
6181,0.4430440887082777,67,B
6182,-0.731627594810741,24,A
6183,-0.482339570510178,94,B
6184,-0.0891933841214619,26,B
6185,-0.3074076791405444,6,B
6186,2.2099631006252474,24,C
6187,-0.1823647874477898,16,C
6188,-1.8359459933776876,75,C
6189,0.6017139335387621,29,B
6190,-0.0589770763854515,25,A
6191,0.0706398259168796,1,B
6192,2.1726032858412307,78,C
6193,-1.1159565690357705,54,B
6194,1.150917865692793,80,B
6195,0.0367280800180638,21,C
6196,-0.8008867952381283,81,A
6197,-0.5473976847849463,21,C
6198,0.8018911512823411,8,C
6199,0.1582745306151243,67,A
6200,0.7876380535395466,49,C
6201,0.5503370089889078,42,B
6202,-1.1150126252060264,42,B
6203,-0.7142186920978538,68,B
6204,-0.0680301671680151,92,C
6205,-1.9474466450296264,74,B
6206,-1.1775057370943522,57,B
6207,0.2052289096190865,49,B
6208,-1.1153818091855252,7,C
6209,1.5590068066945015,4,C
6210,0.8105129265323897,33,B
6211,0.7615368980359185,33,A
6212,-0.4165881148109061,4,B
6213,-0.7596294669246548,60,C
6214,1.086704946403677,7,B
6215,-1.3525122194881982,8,B
6216,1.0960274528379337,97,B
6217,0.4365996652449166,43,C
6218,-0.9296068290084044,61,B
6219,0.238352418329807,47,A
6220,0.903569249900524,61,A
6221,-2.6012553786163943,70,C
6222,0.8989885974295073,45,C
6223,-0.8674550271248144,17,B
6224,1.198480730313512,50,B
6225,-1.8629613009905848,63,B
6226,0.015127518178762,49,A
6227,1.0357812835618774,66,C
6228,-0.977764819506284,2,A
6229,0.375810003440106,9,C
6230,0.8502720871813515,23,A
6231,0.5677884235531565,14,B
6232,0.9623260133761034,16,B
6233,1.1161928436370805,89,C
6234,-1.2951841978005965,89,C
6235,-0.314150185879873,24,C
6236,1.101916549663607,7,B
6237,1.4966145995180975,84,A
6238,-0.0747383204601144,19,B
6239,-1.227855142064367,41,B
6240,0.9973627310821618,9,B
6241,0.5096756890260794,26,A
6242,0.6405943740750135,23,B
6243,1.2394486271979352,30,A
6244,-1.2197980115185136,74,B
6245,0.2923539599411478,65,A
6246,-0.3049167959018351,22,B
6247,1.0580440362693648,54,C
6248,-0.7480119735399109,8,C
6249,0.7542138177720009,99,C
6250,-2.5416180076656034,40,A
6251,0.6491809238982162,42,C
6252,-0.6327386883469125,89,B
6253,-1.0530736608433655,69,A
6254,-1.0711279155183848,33,B
6255,-0.8715132375134287,11,C
6256,0.2577121510481001,78,A
6257,1.4495365529187092,21,A
6258,0.8295532637556919,34,A
6259,1.0789774604352862,25,B
6260,2.5069723589084494,31,B
6261,0.2445331508857412,18,A
6262,1.1086717012140923,71,B
6263,0.648305507293863,5,A
6264,-0.6655932433672463,93,B
6265,-0.8915300990023264,37,A
6266,1.7351128527928763,72,B
6267,0.4238072791242039,55,C
6268,2.5289960053571563,73,B
6269,-0.1446011452536059,41,A
6270,0.2346746511005081,63,B
6271,-1.8341581150409312,74,C
6272,1.4518806816311558,95,B
6273,0.2607061828196272,14,B
6274,1.8830563430414808,27,C
6275,0.1018228092552782,46,B
6276,-0.5346989322517257,36,C
6277,-0.1632476102029742,97,A
6278,-0.0779186025545678,39,A
6279,1.1972082896289518,15,A
6280,0.8388063343350943,8,B
6281,1.7355393671942347,65,C
6282,1.117276694846434,92,B
6283,0.7294387680683518,11,B
6284,1.366974816903362,81,B
6285,0.7105702043688215,77,B
6286,0.7217728834941316,99,A
6287,-0.6067491694796596,88,C
6288,0.3692543267816375,54,C
6289,-0.2810339238531487,22,C
6290,-1.1613604705252334,33,A
6291,0.8628204713164755,41,A
6292,-0.3705701007038176,66,B
6293,-0.2069353347121696,36,A
6294,-1.1288519414428038,46,C
6295,0.2069838682389986,26,B
6296,0.7205103386961947,6,A
6297,0.8305765993216062,25,C
6298,-1.695183607256049,8,A
6299,-1.772487465944406,19,B
6300,-1.2885102485105655,54,A
6301,-0.1040642657583164,18,C
6302,0.7701085716558438,88,A
6303,0.36042217465069,77,C
6304,0.3257931185183901,51,A
6305,-1.517890814042679,74,B
6306,0.7544640600861979,49,C
6307,-0.075732485299188,88,B
6308,1.1459460706480402,80,C
6309,1.0004415757126794,50,C
6310,-1.96984862054162,87,B
6311,-0.8719671543396266,29,C
6312,0.1064879882323047,9,C
6313,-1.0039704607647817,9,C
6314,0.3526589883393623,54,C
6315,-0.9777433440352578,95,B
6316,1.1695347730079038,63,B
6317,-0.2514284604423572,95,A
6318,2.561513378348838,90,A
6319,-0.1438929573303195,18,B
6320,0.0164042407307831,59,B
6321,-0.5948498545457834,5,B
6322,0.2201016795539938,15,C
6323,-0.860098369668959,45,A
6324,-1.6483161112199862,63,C
6325,-1.2839818044179052,31,B
6326,-0.1584094955690911,11,B
6327,0.2829282021082486,45,B
6328,0.9288938800107922,95,B
6329,0.0229541398253307,26,A
6330,0.1847555589098233,57,C
6331,2.2824321975401314,56,C
6332,1.6036250879856702,66,B
6333,-0.1201310626494849,30,C
6334,0.909406100669454,22,A
6335,0.4102051024491525,2,A
6336,-0.4138695711460382,20,B
6337,2.171738025733003,40,A
6338,1.311310195910638,33,A
6339,0.7329924744133087,28,B
6340,-0.3963479951065217,5,C
6341,-0.0970304194111486,93,A
6342,-0.1086626913290056,18,A
6343,0.0070490631055805,18,A
6344,-0.9265024885613308,1,C
6345,0.2509936238189723,1,C
6346,0.2142651848502159,98,C
6347,-0.5959440460150432,45,A
6348,-0.1501154175792455,79,C
6349,-1.3776832279090625,97,A
6350,1.6132283270549357,91,C
6351,-0.2122396257162536,54,A
6352,-1.1329842198854347,68,C
6353,-0.4699223869208613,67,B
6354,-0.0852091024866004,67,C
6355,1.5856641966255596,55,A
6356,-0.341220507675162,39,B
6357,0.5343071594792501,4,C
6358,-1.7871910297237068,78,C
6359,0.8334156399762667,78,B
6360,0.4669458864520097,78,A
6361,-1.2765923703441315,65,C
6362,1.137730131313838,97,B
6363,-1.7813496918657306,91,B
6364,-1.4172626310900942,81,C
6365,-0.9870180698781528,64,A
6366,-0.6306526637413672,15,C
6367,2.007224770203159,49,A
6368,-0.4681463283881191,41,C
6369,0.4608708444320205,29,B
6370,-0.6684243903172463,21,B
6371,0.7604150630342165,98,A
6372,-0.6394773273218579,72,C
6373,2.080156972101681,85,A
6374,-0.6250019592262848,69,B
6375,-1.3020711602961337,4,B
6376,-1.1548440458303664,56,B
6377,1.1124917646335992,68,A
6378,0.0410116584523581,46,A
6379,0.2263181432055178,63,A
6380,1.5146012123302122,91,B
6381,-0.0265353219747175,24,A
6382,-0.8622240170469025,59,C
6383,-0.6491240326964023,75,B
6384,0.3241883766722114,12,B
6385,0.1123713484648746,39,C
6386,1.28849203517045,25,B
6387,0.150958772935866,42,A
6388,-0.6534529895601583,28,C
6389,-0.2050344253661813,73,B
6390,0.1731699533572968,14,C
6391,-0.2633148428343074,46,A
6392,-0.5182548124617742,22,A
6393,-0.5108986262001753,19,B
6394,-0.902082490732,96,A
6395,-0.4911242769541014,48,C
6396,0.3375669886723978,91,A
6397,1.137184789246951,74,C
6398,-1.0996162638743268,48,A
6399,-0.1763981472480811,15,A
6400,0.5607324995777576,54,B
6401,-1.907391512532239,74,C
6402,2.6945134775986004,52,B
6403,-1.5778209899264628,82,B
6404,0.1460910636385187,51,A
6405,0.9104040983270816,64,A
6406,0.2502833509252999,83,B
6407,1.8343128067486016,45,C
6408,0.3621708176596787,39,C
6409,0.013611737487443,2,C
6410,-0.914023988991513,80,B
6411,0.0183176587025755,25,B
6412,0.7464560688166119,78,C
6413,2.1429715664323736,20,A
6414,0.4120572786493778,24,B
6415,-1.0673910710493542,28,C
6416,-0.0350737809937918,30,C
6417,2.2682304838432468,46,B
6418,-1.3716708761051033,24,A
6419,0.1332965582145792,71,C
6420,0.4719289233824059,99,C
6421,-0.6354408620260572,7,B
6422,-0.960452869637568,52,B
6423,0.6355163481007599,55,A
6424,0.8523242133311374,6,A
6425,-1.263345191855669,39,C
6426,-1.1711331879255626,34,B
6427,-0.1100657714933875,90,A
6428,0.0110643236067971,85,B
6429,0.3504422960029011,94,B
6430,-0.2934002087956755,70,A
6431,-1.4458208609984815,79,A
6432,0.4407406467000917,48,C
6433,-0.8835053918639285,22,C
6434,-0.5921661801655455,37,C
6435,-0.075701170349777,88,C
6436,1.0696379097630455,93,B
6437,0.5356625078091551,43,C
6438,-0.4538744469079681,92,C
6439,0.4817540218475663,74,A
6440,0.0818122303678711,9,C
6441,0.2390645686881168,19,B
6442,0.8808289864410136,16,B
6443,0.5214367955829061,6,C
6444,0.0621652540904652,80,C
6445,0.4027579952780459,85,C
6446,0.3268169949375744,5,A
6447,0.2463021117526688,97,C
6448,1.990439020729428,84,A
6449,-0.8973031957243747,80,B
6450,0.15758126818676,80,B
6451,2.6657764781820097,69,B
6452,-1.7686537617417524,5,C
6453,1.934864140421786,98,A
6454,-0.2067644818735462,54,C
6455,-1.5326864933718365,76,B
6456,-1.0947633226971334,53,B
6457,1.1232493371333925,72,A
6458,0.3842537230545866,53,B
6459,1.067009025769074,62,A
6460,-1.2409685608002,23,A
6461,0.2869990576707401,37,A
6462,0.0695759426313744,54,C
6463,0.3807875644754765,24,B
6464,-1.8435292428964265,54,B
6465,-0.1210902071990639,42,B
6466,1.2425582298177429,27,B
6467,-2.0791562658336114,50,B
6468,-1.67858544793293,48,C
6469,0.8184833585975392,68,B
6470,-0.8056792552374153,19,B
6471,0.3716347550621349,20,C
6472,-0.5304687525233521,24,B
6473,0.5004906371621717,32,A
6474,-0.2888303428321515,37,C
6475,-3.247113957383846,62,A
6476,0.3948829530202202,41,C
6477,0.3445541433935464,28,A
6478,-0.2132045387837244,28,C
6479,0.0440394814221234,77,B
6480,-0.4902102641401164,45,C
6481,0.2096263158627838,17,A
6482,-1.7709381526546877,88,C
6483,-0.7796883993522108,72,A
6484,-0.5223446729484295,25,A
6485,0.5763416449586122,34,B
6486,0.5260221818761989,78,A
6487,-1.2714612862886456,16,A
6488,1.107011519046018,36,B
6489,-0.1582500992597265,80,A
6490,-2.008609163123128,24,A
6491,-2.6387416403592514,7,B
6492,0.6760183016874096,14,C
6493,-0.9017006560596096,76,B
6494,0.0969759701691449,88,C
6495,-0.2152154281350146,93,B
6496,0.2063402832886077,11,B
6497,0.5500057457203978,37,B
6498,0.7401541445338486,30,B
6499,0.0737386700797612,38,C
6500,-1.5639577751190192,77,A
6501,-0.7251466024195031,10,B
6502,-0.0331058462793393,85,B
6503,0.4001912902441631,73,A
6504,-1.3947612627530903,49,A
6505,-1.5485772184793718,29,C
6506,0.0331710648988255,90,A
6507,1.3677092139119431,56,A
6508,0.1678229033761491,4,A
6509,0.8437038586025252,23,C
6510,0.0117082782905823,92,C
6511,0.5592856897934285,35,B
6512,-0.2120524538284892,86,B
6513,2.5293628832365216,8,C
6514,-1.4103206083751183,46,B
6515,-0.6407421354350814,41,A
6516,0.3707786681162306,6,A
6517,2.2748650094996092,97,A
6518,-0.2512630408656234,5,A
6519,-2.6629716273467654,49,A
6520,-0.4997839964014886,21,A
6521,-0.0831890134925634,54,B
6522,-1.521769097761448,70,A
6523,-1.5851225712136292,39,B
6524,-1.6055707938062334,66,A
6525,1.21209455922221,44,B
6526,1.219107923993986,3,A
6527,1.511028147517901,11,A
6528,1.0769689127285644,28,A
6529,-0.974484355269858,35,A
6530,0.8513147470623319,96,A
6531,-0.712626787082209,58,B
6532,1.38158861557185,81,A
6533,-0.6446976644381639,60,A
6534,-0.7334624697910048,98,B
6535,0.3059962373195777,20,C
6536,2.1343651672630197,98,B
6537,1.6078191148881156,69,C
6538,-0.281536159531355,54,A
6539,-0.711881054673709,26,B
6540,1.0514858814595616,21,C
6541,0.2491630167457603,23,A
6542,0.0785848349683544,64,C
6543,-0.0785258858826412,35,B
6544,0.9011377920546356,39,B
6545,0.9282894391332128,39,B
6546,0.7722313975055202,59,B
6547,-1.459883189138803,10,B
6548,-0.8362829209794729,6,C
6549,-0.6825317823773127,63,C
6550,-0.3780499511436296,12,B
6551,-0.2111929347789605,19,C
6552,0.8226311910955308,2,A
6553,-1.404871473854698,85,B
6554,0.0558111108617012,89,B
6555,0.2309863995247453,56,B
6556,-0.2649692071692595,52,A
6557,-0.7946119325924271,1,C
6558,0.8825717895271706,82,A
6559,-1.0347702604875977,70,A
6560,1.2292040453145348,36,A
6561,0.2031341959171104,80,A
6562,-1.6292848421622317,83,A
6563,-0.3788775912488553,96,A
6564,-1.5228019653949956,63,A
6565,-0.0046666704673628,79,A
6566,-0.0434681915618619,3,C
6567,0.4380409578561486,78,C
6568,-0.2534081759273748,45,A
6569,-0.2928222898503559,99,B
6570,0.0643760527556691,6,B
6571,0.5914258181861817,70,B
6572,0.6184866599631194,79,A
6573,0.3167320389465997,41,A
6574,-0.2871689262759903,91,C
6575,0.0063278926946974,39,C
6576,1.8046960346728125,28,B
6577,0.3167155950040426,4,B
6578,1.1820739627441232,85,C
6579,-0.6412915146413056,27,A
6580,-1.0012638842779422,76,A
6581,0.8158610586841336,11,A
6582,0.7014856390991313,4,C
6583,-1.4287307695408744,13,C
6584,0.696492737956269,53,A
6585,1.1113323240966424,60,C
6586,-0.8623461197780931,95,B
6587,1.3704323401982808,72,B
6588,0.9647059466807956,17,C
6589,-0.2808825532085824,35,C
6590,-1.3662782854629008,29,B
6591,0.9032622017016476,1,A
6592,-0.0269066683919882,92,A
6593,0.1297697284138753,7,A
6594,2.98423436949645,89,A
6595,0.4886790126922161,59,B
6596,-1.3481801711827373,94,C
6597,0.2878929395668994,34,B
6598,-1.3538221087769775,85,B
6599,-0.5727884495035063,62,B
6600,-0.8295609954219648,60,A
6601,0.7792625641974319,17,B
6602,0.3708865825681418,31,C
6603,-1.189356995876364,70,B
6604,-0.3796351521963609,54,A
6605,0.0884672375957932,93,C
6606,-1.3512314396228111,95,B
6607,-0.7252611941321506,78,C
6608,1.0450378422785505,62,B
6609,0.1520891521347465,34,C
6610,0.3670962818772552,18,B
6611,-1.390126559353456,10,A
6612,0.0895034145651926,96,C
6613,-0.2105966210659989,96,C
6614,-1.92719801025475,78,C
6615,-0.6147794250509152,14,A
6616,0.4282988435671581,4,A
6617,-0.0340893568147196,30,B
6618,-2.0361177111847466,99,C
6619,1.0518175165403918,48,C
6620,-1.2438483157222582,89,A
6621,0.087064306505075,56,C
6622,1.1069914980397408,32,B
6623,1.549082819041953,14,A
6624,-1.2934147540217076,8,C
6625,0.2189620586247291,22,C
6626,-1.0302826076754246,52,C
6627,-0.103465445169725,17,B
6628,0.863442614166441,40,B
6629,-0.5183538666904457,97,A
6630,0.0994889653100861,62,B
6631,1.083724545945049,72,B
6632,-0.2521390033299391,35,A
6633,0.2157693378718432,39,C
6634,1.6687785109231774,86,B
6635,0.3293516691381216,56,A
6636,0.5214395224164126,28,A
6637,1.737796734084464,77,A
6638,0.3970075607818274,33,B
6639,2.7675394434276783,53,C
6640,-0.7065696001336218,16,B
6641,-0.1198281587490775,38,B
6642,0.9698845080132265,74,C
6643,-0.3292242792106142,95,C
6644,-2.660600215800903,49,B
6645,0.0399430546944771,83,B
6646,-0.7764436066742728,47,C
6647,-0.1704978111211199,28,A
6648,-0.5019027508433597,9,B
6649,0.5379126417791389,64,B
6650,0.7044829030462644,15,B
6651,-0.478858678368897,59,C
6652,-0.2463894484808835,1,B
6653,2.234453393551562,51,C
6654,-0.4739241294348991,14,B
6655,-0.277625329915559,58,A
6656,-2.632023052059081,63,B
6657,-1.5075468904544662,39,A
6658,-0.6839705957222534,20,B
6659,-0.1015621801227379,79,A
6660,0.2482564027941856,49,C
6661,0.9975898186875088,59,B
6662,-0.6434136127252384,46,C
6663,0.6871487007651272,39,B
6664,0.0246839404216913,82,B
6665,1.7313885898715595,23,B
6666,0.9326949461729386,52,C
6667,-0.0350669918235672,97,C
6668,-0.5309675637649662,90,B
6669,-0.9760064302534966,45,B
6670,-1.9216362660371944,71,A
6671,0.8624234493535524,87,C
6672,0.0374063479001758,97,C
6673,-0.3643543440848429,89,A
6674,0.3249336221685768,90,B
6675,-1.501708911058576,30,A
6676,-1.2358443924091784,25,A
6677,0.9881005745581156,75,C
6678,-0.406744195755276,1,C
6679,0.18944441669582,47,B
6680,-1.451181183982462,90,B
6681,1.2701773801022724,93,A
6682,2.918649658525103,17,A
6683,-0.5631806181655568,25,A
6684,1.2896241021527142,43,A
6685,2.013809683610903,13,B
6686,-0.8985010473425714,53,A
6687,0.2789970454291636,2,C
6688,-1.432933833457016,9,C
6689,0.8070194552658885,5,A
6690,-0.1096461073990342,56,C
6691,0.0516816956498912,82,A
6692,-1.1351637108981494,12,B
6693,-0.0268373042884871,71,C
6694,1.8291769870638648,38,A
6695,-1.0116684528559294,84,C
6696,1.1397962481444426,59,A
6697,0.1981825879165422,2,B
6698,-0.5243518914397769,21,A
6699,1.192325919116464,96,B
6700,-1.272714224964088,54,A
6701,0.6472525119385559,61,C
6702,0.1790700579262756,7,B
6703,1.1581902023907054,27,B
6704,0.1692163627012834,1,A
6705,-1.021519563091982,6,A
6706,0.8142435397594904,62,B
6707,-1.4111474521838934,71,B
6708,0.7303892103262158,46,A
6709,-0.0241055761301183,11,B
6710,0.1186161557531284,7,A
6711,0.946089023682998,44,C
6712,-0.0324237955245568,39,C
6713,-0.7318926688014559,6,C
6714,0.0972183696010538,9,C
6715,1.0890970177555697,77,B
6716,1.148454657010828,91,C
6717,1.0867548489718215,9,B
6718,-0.7455225243684043,70,B
6719,-0.4142440574062471,48,C
6720,0.3295567721947018,23,B
6721,-0.8270864472863524,79,A
6722,1.288915512069106,61,C
6723,-1.6029415327680197,97,C
6724,-0.1556601099597126,82,A
6725,-0.9918674975719494,54,C
6726,-0.5406095152839654,95,C
6727,0.4625979728827061,15,A
6728,0.6890056629183602,57,B
6729,-1.0541566661139157,19,A
6730,0.0370870201681687,96,B
6731,0.0675649601525809,71,B
6732,-1.3334326893688973,63,B
6733,-1.071580396368915,59,B
6734,1.1745884333742274,55,A
6735,0.8575750969831656,43,A
6736,-0.3333363846981967,44,C
6737,0.9281857618812918,38,A
6738,-0.6613186788180184,87,B
6739,-0.591130096316435,23,B
6740,-0.086773325044328,7,B
6741,0.2860873552547624,3,C
6742,0.240079019093469,89,C
6743,1.459683022316025,88,B
6744,-0.1851353079255055,92,C
6745,-0.130194235582435,49,A
6746,1.156825152973113,96,C
6747,-0.2596975732715498,44,B
6748,-1.7333241311741747,10,C
6749,1.0878510696645185,26,C
6750,-0.4535890331098309,55,B
6751,-0.4384794871406035,15,A
6752,0.5421142565513922,23,C
6753,-0.4141091332687373,37,C
6754,-1.357015792367115,91,B
6755,-1.5240542119486695,81,C
6756,0.4037899491488037,79,B
6757,-0.5191545786040274,41,B
6758,1.0542896576264302,71,B
6759,0.8982224465278819,17,C
6760,1.6880381911247844,2,B
6761,-0.913939406073648,71,B
6762,0.7701582603400329,73,C
6763,-0.4696422222937736,92,B
6764,-1.8978692785000184,51,A
6765,0.358383489511956,22,B
6766,0.1035957430437957,64,A
6767,0.241099745872546,6,B
6768,1.2488085575266858,2,B
6769,-0.3423811797052627,88,B
6770,1.1957433391700665,67,A
6771,-0.2622436405901337,93,A
6772,0.8885355578773014,14,B
6773,-0.4041077467382127,4,B
6774,-1.1762019747505146,92,A
6775,0.301395805382728,96,B
6776,0.2508112202369933,83,B
6777,1.4940765437125956,27,A
6778,-0.251599539258472,75,A
6779,0.5217409814161018,39,A
6780,1.104943372557646,8,C
6781,-1.0861910359601386,76,B
6782,-1.4391452123275803,90,B
6783,0.5031329972683224,14,B
6784,0.9372109784055556,56,A
6785,-0.9183587973543152,43,B
6786,0.6397279411511057,75,A
6787,0.2339918294847537,80,C
6788,-0.4420431782636537,92,C
6789,-0.6837794614672914,80,B
6790,0.4587971046819554,4,A
6791,-0.6278600417682376,8,B
6792,2.5076532201077164,77,C
6793,1.499664982475866,50,C
6794,-0.1912192765315497,1,B
6795,1.1958024126548166,39,B
6796,0.6164008656054834,67,A
6797,0.3619154011306691,2,B
6798,0.4279302506387537,64,B
6799,0.8281494654322592,3,C
6800,0.0355562936301921,62,A
6801,1.2991399585279555,16,C
6802,0.1962972461754954,29,C
6803,1.4502152726361803,12,C
6804,1.2022815775159716,95,B
6805,-0.8416710214308706,99,A
6806,1.2787703918187707,10,A
6807,-0.6604225219054539,66,A
6808,-1.043231344553687,83,C
6809,-0.4113073653483557,78,A
6810,0.1454219445162238,78,A
6811,-0.7654862590120376,20,B
6812,-0.359740101289175,25,C
6813,-0.2772237083291614,92,A
6814,1.009251802237216,14,C
6815,1.1116335840679066,59,A
6816,0.1220326999387393,78,A
6817,1.8561660472597987,12,C
6818,1.4660636080577607,24,C
6819,0.1631781082416784,92,B
6820,1.2936532758853891,3,C
6821,-1.4818262976987573,49,C
6822,0.4740396309154449,58,B
6823,0.9097601114583862,85,A
6824,-1.460567359578251,27,C
6825,1.2725452840014952,26,C
6826,-1.1125967404393695,99,A
6827,-1.8756490690246033,29,B
6828,0.3463752158711367,29,A
6829,-0.0956693045234354,65,B
6830,-0.3985908173684563,83,C
6831,0.3573729411285035,65,C
6832,0.0106459932239565,59,C
6833,-0.4159954834840238,50,C
6834,-0.2838500577693216,56,C
6835,0.4979233104836368,66,A
6836,0.1205230641665563,11,A
6837,-0.4455401835583858,72,A
6838,-1.1073541459858351,86,C
6839,0.0342636810819783,36,C
6840,-0.4117636300005298,67,B
6841,-0.91973176264143,24,A
6842,-0.2756545971041707,74,C
6843,1.1825269114586276,74,B
6844,-1.2246141265577992,38,B
6845,-0.9591125479281288,10,A
6846,-1.4261256492273575,19,C
6847,-1.123119608836404,1,B
6848,0.0430627354597789,96,A
6849,0.4668517809209459,47,B
6850,-0.166931593421567,24,A
6851,0.4327729144333376,79,A
6852,-2.0927886901442583,57,A
6853,2.1836939866519107,22,B
6854,-1.0979013753011626,14,B
6855,0.2560561096479194,22,B
6856,0.7521208743953597,58,B
6857,-0.5564947065759294,20,A
6858,0.0924048966694922,63,A
6859,2.1250220139770533,93,C
6860,-0.4671062757732076,89,A
6861,-0.9582500236787757,32,B
6862,-2.1521035831737096,73,B
6863,1.114731619399444,4,B
6864,-1.0749964456745382,89,B
6865,0.6192095966348742,67,A
6866,1.21933896068597,83,B
6867,1.1292796697270824,80,A
6868,-0.3206938880190098,49,A
6869,0.6679317302657594,61,A
6870,-0.5125943152999038,11,C
6871,-0.2262765680566164,12,A
6872,1.9180915515758024,51,B
6873,-1.6515325992881584,14,B
6874,0.6732946858536051,89,A
6875,0.3000487602567719,32,C
6876,0.7990039114232107,66,A
6877,-0.2269335503838044,1,B
6878,2.403373401768428,81,C
6879,0.0156392596591063,18,C
6880,-0.2120603895152374,87,A
6881,-1.1764047522617966,40,B
6882,0.1293545904804868,33,C
6883,0.964434889884833,39,A
6884,0.5771209125547827,17,C
6885,-0.2057868248418232,31,B
6886,-0.8449605819123056,27,C
6887,-0.2864154453251879,26,A
6888,1.3721271760507838,50,C
6889,-1.367352283882816,20,B
6890,0.2760583265871474,25,B
6891,-0.6775558386389625,77,C
6892,0.5355061481094286,21,A
6893,0.0933782597586158,36,C
6894,0.3229122168966294,93,B
6895,2.27231246459019,4,A
6896,1.0123738663422224,7,C
6897,-0.0279832857271081,63,B
6898,-1.2651535676951404,74,B
6899,0.5519295078695368,71,C
6900,1.083331876669413,39,A
6901,-0.1346615299189194,39,A
6902,0.6404635976105335,83,C
6903,-1.0344277874822685,46,C
6904,0.2587155409070953,85,B
6905,-0.6527988248340729,93,B
6906,0.1112402080552678,81,A
6907,0.9405002475859168,31,B
6908,0.1247566776082446,70,C
6909,0.660632236579707,71,C
6910,2.5577200419529613,43,B
6911,1.254178403226275,51,A
6912,0.8394397886315812,69,B
6913,-0.1822421747198375,78,C
6914,-0.4254420977498401,15,A
6915,-0.2578149501355068,93,B
6916,0.1985146036676233,94,A
6917,0.045716696490313,6,B
6918,0.5033590335856762,70,A
6919,-1.672235769935853,28,C
6920,0.3471067218731587,14,B
6921,-1.2029742057498596,71,A
6922,0.3365912558447977,44,B
6923,-1.1525713184209012,76,C
6924,-0.3035553431522981,98,C
6925,1.70552671952956,86,A
6926,0.5284144442535448,89,B
6927,1.1092176553950814,28,B
6928,-0.5730843112770517,13,A
6929,-1.3989713831892203,89,A
6930,1.1953008524304762,5,A
6931,0.5302514209478837,77,C
6932,0.5222818310352074,21,A
6933,-0.2711170634786566,81,B
6934,-0.5923833561660902,8,B
6935,-1.031789559950227,45,C
6936,-0.9353453396518698,14,C
6937,-0.1391720382004987,50,A
6938,-0.2472024107863144,67,C
6939,-1.4520892685637272,13,B
6940,0.5824257238905938,22,A
6941,0.410246609645956,18,A
6942,-1.5577599705053111,6,B
6943,-1.4449465708365117,92,C
6944,0.2740907417954326,66,B
6945,1.6670769678019683,52,B
6946,-0.1264632736469195,73,C
6947,-0.0006058214517619,72,A
6948,-2.100508594357626,31,B
6949,1.058543393623929,11,B
6950,0.1255997472908328,91,A
6951,2.2157427596898382,71,B
6952,-0.0269272115244556,71,C
6953,-0.1744165211693358,75,B
6954,-0.0026561790986876,69,C
6955,-0.0345666817869892,12,A
6956,-0.5212853915169949,85,A
6957,-0.405978314922355,98,C
6958,-1.1811462436080038,40,A
6959,1.125373882211124,31,C
6960,0.5845143594132399,85,B
6961,0.1753156333373848,85,C
6962,0.3603901578432025,17,C
6963,0.1612255226485998,5,C
6964,1.038885011231179,81,B
6965,1.9379637809267916,96,B
6966,-1.4073338286739507,57,A
6967,-0.3030685795683493,2,B
6968,0.8058063357257343,53,A
6969,-0.8046328574345547,26,B
6970,-0.9246385908943644,3,A
6971,-0.1451629889942132,53,A
6972,0.0245972634736871,89,B
6973,0.1839898551013729,32,C
6974,1.2388135931572812,40,C
6975,-0.4117898308760063,2,B
6976,0.314437777138145,14,B
6977,1.90368881047053,21,C
6978,1.618528627752771,30,A
6979,0.7515974908317137,31,C
6980,0.2106961000887457,2,C
6981,0.8139130489155749,68,C
6982,0.3993806108775017,74,C
6983,1.9679130880153908,44,B
6984,0.1726909577230841,27,A
6985,-0.4520078450924454,47,B
6986,-1.526857888825741,16,C
6987,0.2242697142452556,37,C
6988,-0.8177770640087071,99,A
6989,1.0054696206380973,30,B
6990,-0.6896221695095097,67,B
6991,-0.00647920813278,14,B
6992,-1.8530936964558131,5,C
6993,-0.2120560995889974,91,A
6994,-0.3557702962480045,10,C
6995,-0.2869622053979014,77,C
6996,1.0204634005268192,88,B
6997,2.3211916250926943,18,B
6998,0.916596759336298,55,B
6999,1.0316400076033627,55,A
7000,-1.5033637365571029,73,B
7001,-1.1537406725124626,64,B
7002,-0.6680942655113363,73,B
7003,0.5302888540178587,78,C
7004,0.3457483230748375,42,C
7005,-1.2919108764976386,64,A
7006,-0.4549038136077712,33,B
7007,-1.6119698136651843,77,B
7008,0.1991392091362219,8,C
7009,0.0009243681726099,1,C
7010,0.7606058094379532,89,C
7011,-0.1407560262997402,45,B
7012,0.7778906023470724,38,A
7013,0.8385706448016593,69,C
7014,0.4553948098826895,74,C
7015,1.1219731005652438,87,C
7016,-1.248457121147467,2,A
7017,0.8449763550699033,12,B
7018,0.343326693958145,28,A
7019,0.2776383839989328,14,C
7020,1.4380286210261175,16,B
7021,-0.1984212169014906,35,B
7022,-0.6937280262399455,78,A
7023,-1.0799158320158309,54,A
7024,0.7101713911998724,14,A
7025,1.4897341942495022,58,A
7026,0.6543631234545578,18,C
7027,0.4308059077226017,47,A
7028,-0.4223210562855651,56,B
7029,0.7767013619994734,28,B
7030,-0.4686780046690595,49,B
7031,2.584472564454716,62,B
7032,-1.203961283651101,69,A
7033,0.402583351996416,69,B
7034,2.827358818926148,24,C
7035,-0.1451694482802256,97,A
7036,-1.572083326200152,73,A
7037,1.655670554804082,59,B
7038,0.6003276875328718,67,A
7039,1.1598802625935527,99,A
7040,0.3547446555889474,81,B
7041,0.8637971472999869,12,B
7042,0.1296580381538847,60,B
7043,1.2768603027491616,66,A
7044,-1.5892041423251737,69,B
7045,-0.4998672155377684,45,B
7046,0.3425121071240483,53,A
7047,-0.4303878105886825,18,C
7048,-0.2649613735722994,68,C
7049,2.3486642518406073,88,A
7050,2.5135497544696426,17,C
7051,-0.3596727138114152,94,C
7052,1.152524438556373,91,A
7053,-0.6054684146212261,1,C
7054,-0.9371575499325254,24,C
7055,-0.344184351348008,84,C
7056,-2.0541878907465256,62,B
7057,-1.7816758904139685,26,C
7058,0.9768434332273884,62,A
7059,0.5176631581368699,11,A
7060,0.6220366065185207,26,B
7061,0.0034573434320022,11,A
7062,-0.5127596789655108,78,B
7063,-2.6397494105893315,70,B
7064,0.4764207557120979,35,C
7065,-0.3067513071514777,25,B
7066,-1.942768541277008,93,C
7067,1.6774792443039577,83,A
7068,-0.3016910196235529,93,B
7069,-1.4741519319277476,49,B
7070,-2.432185226326871,57,A
7071,-1.481602063096025,84,B
7072,-0.4046337483538881,33,B
7073,-2.392823803290301,75,C
7074,0.6589603883407185,19,A
7075,-1.5435616641614145,41,B
7076,0.0252621369770171,16,C
7077,-0.1752685209730924,2,B
7078,-1.2471958274149613,79,A
7079,-0.5313789156499699,22,C
7080,-1.4484652947157397,20,B
7081,2.2166123748239044,74,B
7082,-1.0043631255656231,14,B
7083,0.8323355758196529,95,C
7084,-0.0672855659103995,89,B
7085,-1.9812007310377937,36,A
7086,-1.2796606153818602,80,C
7087,0.4687197213395738,12,A
7088,-1.882940201943735,75,B
7089,-1.756216498965998,64,A
7090,0.1412306857653995,54,C
7091,2.3571445596698783,31,A
7092,-0.6537979267816946,10,A
7093,0.6019784336537864,15,B
7094,1.501809083354985,48,A
7095,-0.0786677954745592,82,C
7096,0.6395524286473494,33,B
7097,-1.1675562228233365,57,A
7098,-1.3676351390450856,51,B
7099,0.2434862675281479,84,A
7100,0.1563234970886927,17,B
7101,0.5712148585274571,22,A
7102,-1.4380988137061343,23,A
7103,-0.8909686027539461,6,C
7104,0.1096924731501672,56,A
7105,-0.7911848970430673,69,C
7106,-0.0721767271156442,13,C
7107,1.554587618259916,43,B
7108,1.0879767555795952,7,A
7109,-0.644017207366477,5,A
7110,-0.4106783323112109,15,A
7111,0.0620077717022258,8,C
7112,0.8460664218290931,50,B
7113,0.1719573595008101,27,C
7114,-1.6841216453997867,69,B
7115,0.0067223161209109,90,C
7116,-1.2352725739630364,14,B
7117,0.9062607873075512,74,A
7118,-1.0332339787364213,10,A
7119,-0.8103142329162849,57,A
7120,-0.2199095556767581,22,A
7121,1.63276801780549,51,A
7122,0.1849245076873168,28,A
7123,1.016141646789128,82,A
7124,0.4043665929914475,71,A
7125,0.1738931004453622,3,C
7126,1.2609632885278093,44,B
7127,-0.7288615320722414,73,B
7128,0.1607826732905075,27,C
7129,0.2193885833713574,13,A
7130,0.0077861401503961,73,B
7131,0.290687641119288,44,A
7132,-1.6739374437880363,47,A
7133,1.9524301542667408,28,C
7134,0.2050111745417192,30,C
7135,0.0963121263465767,36,C
7136,0.8705771714276823,72,B
7137,-0.6425675777857051,71,A
7138,-0.3500520044090962,61,A
7139,-1.4556305943575178,14,A
7140,0.7151822140037102,51,C
7141,0.8732264664593776,49,C
7142,-0.6458137696021533,74,C
7143,0.3466473977272586,33,A
7144,0.4966748114447191,38,C
7145,-0.6734618605561157,59,C
7146,-1.260662471893596,98,C
7147,-1.3369454110566794,14,B
7148,0.3553923534626274,9,B
7149,-0.1398041592242368,27,C
7150,1.6838485030708628,16,A
7151,0.0839521068086881,33,C
7152,0.761812788682528,71,B
7153,0.3290660987565704,95,C
7154,-0.6677170954613868,71,B
7155,1.0692634097685842,93,A
7156,-0.2913370869686698,17,A
7157,-0.576740328897393,87,B
7158,1.1763867733274145,74,A
7159,0.2307252344601457,8,C
7160,1.1040405645219775,96,B
7161,0.8547510581953897,23,A
7162,1.5420734505903038,27,B
7163,-0.4953967170160537,81,A
7164,-0.7630966115474226,65,C
7165,1.4477505084646791,50,C
7166,-0.4979987873741192,35,A
7167,-1.330753029061027,34,C
7168,2.0608990543343904,25,B
7169,-0.1323260723654099,43,A
7170,-0.4632759104521066,23,C
7171,0.0930228088319412,40,B
7172,0.1935180392263875,25,C
7173,0.8667921971103109,91,C
7174,1.9226761582516527,92,B
7175,-0.0371418335719406,93,C
7176,-0.0136106304967711,85,C
7177,-0.5804727913970879,33,C
7178,1.8220627577338289,45,C
7179,-0.3454441335277849,88,A
7180,-1.403655142579117,45,B
7181,-0.8416451032250227,42,C
7182,0.4134790762759145,9,C
7183,1.492291931377122,98,C
7184,0.3220156762228845,70,B
7185,1.0922240753824222,52,C
7186,-0.1470152238434549,17,A
7187,-0.0570735471018694,36,A
7188,1.3597860003382545,25,B
7189,0.2436288018777899,5,A
7190,-0.4697456739558416,26,B
7191,-0.7229109231872954,71,B
7192,1.2121820930985372,89,A
7193,-0.2270932717427559,61,B
7194,0.1532557915227624,85,A
7195,-1.115774183738249,40,A
7196,0.2299368051883958,52,B
7197,-0.1780828049909404,81,C
7198,0.0846331529038125,73,B
7199,-0.7796855095823465,38,A
7200,-0.6110699658440385,38,A
7201,-0.4793815267643568,4,C
7202,-0.3196908907178638,48,C
7203,-2.057706035693719,44,A
7204,0.5095758190176003,51,C
7205,-1.498164845832508,61,B
7206,0.0302509938740821,43,A
7207,0.8463435992901805,50,B
7208,-0.3473128914787818,48,B
7209,0.2117707605064144,97,B
7210,-0.4761567804382311,9,B
7211,-0.3008358994792241,78,A
7212,-0.3359916818981646,28,B
7213,0.4464660480415646,23,A
7214,0.5144634473619897,46,C
7215,0.7353058308422498,93,B
7216,-0.3240435639062488,29,B
7217,1.3629202827868503,50,B
7218,1.1648399121640527,73,B
7219,-0.7134522093627698,58,B
7220,0.204375241701712,34,B
7221,1.131801605079194,36,A
7222,-2.043349604232896,79,B
7223,0.7371402589883619,98,A
7224,0.8052896068962241,51,A
7225,-0.4802426387032365,65,A
7226,-1.511510345650355,91,C
7227,-0.265555676037359,87,A
7228,0.4564311986251846,45,A
7229,-0.8694824876598413,7,B
7230,-1.4911317973327678,83,C
7231,0.3643413908802373,34,B
7232,0.9690618528292124,14,B
7233,-2.26982291042491,79,A
7234,-1.860990197253744,25,B
7235,0.4935362163135336,33,B
7236,0.0787361379283145,50,A
7237,-0.94076485059754,2,B
7238,1.647400090204993,23,C
7239,1.5034817758381285,30,A
7240,0.1530556374471257,53,A
7241,-1.117533572726645,8,A
7242,-1.2552791998006616,57,A
7243,-1.881436500026309,66,B
7244,-0.0871727158053603,56,B
7245,-0.695838169707914,44,B
7246,0.3004860947905063,92,B
7247,-0.3399163537147542,29,B
7248,-1.1490283861525032,86,C
7249,-1.2249856476322554,12,A
7250,-0.411333224912246,58,C
7251,0.1066326453092012,86,A
7252,1.301373411010551,81,C
7253,0.4922015331789101,88,B
7254,-0.0959014279214108,91,B
7255,0.4848577598036566,23,C
7256,-0.214497057606857,56,C
7257,1.8950267493134432,3,A
7258,0.91253160129147,78,B
7259,3.2035464939063676,88,C
7260,0.6998860209411797,52,A
7261,1.3903518596267967,18,B
7262,-0.3908878993787549,94,A
7263,-0.164354063996909,33,C
7264,0.5888753784049502,69,B
7265,0.1615241855244664,5,A
7266,0.6270299625929168,67,A
7267,-0.5271318235778067,63,C
7268,0.8291960827979661,94,B
7269,0.7511767121579007,27,C
7270,0.1727437411591983,97,C
7271,0.7797475924303817,95,A
7272,-0.7811410253976976,28,B
7273,0.2863188107005001,59,B
7274,0.759105039797258,7,A
7275,-0.3237468035945928,46,B
7276,1.831688700827308,29,C
7277,0.5962090049119574,91,C
7278,0.4761105273207757,39,A
7279,0.8456011332397434,43,C
7280,-0.1932507648552896,79,A
7281,-0.5320304178312435,53,B
7282,0.4183661894467291,79,C
7283,-0.3182733735548806,34,A
7284,-0.3629292997279574,72,B
7285,0.7132518086028053,7,C
7286,-0.7635925188455666,30,B
7287,1.3060247240617076,35,C
7288,-1.0296862760029446,86,B
7289,-0.257748674296288,54,C
7290,1.5358390654214549,53,B
7291,-0.0656620587585721,50,B
7292,-1.7899292876213164,64,C
7293,0.6584658832339388,68,C
7294,-0.0323286362816228,56,A
7295,-1.608581877435972,8,A
7296,-1.0191528988200864,38,B
7297,3.4628332400587105,83,C
7298,-0.6661601653207647,4,A
7299,1.759685711564874,55,A
7300,-0.9835857338778784,82,A
7301,-0.2851098237669557,93,C
7302,0.3826924842727704,77,A
7303,0.0990589089588959,45,B
7304,0.7072557404097015,13,B
7305,-0.7392861578337653,18,A
7306,0.961258784068332,17,A
7307,0.1084739450567848,99,C
7308,-0.0587100045212098,78,A
7309,1.0799541097365388,87,A
7310,-0.0335912410947266,66,A
7311,-1.0196892550582992,29,B
7312,-0.2294943143459811,38,A
7313,0.1263504228879642,80,A
7314,0.4074990861569793,77,B
7315,1.4412918327067237,93,A
7316,1.3486173126785872,10,C
7317,-0.9078989170370048,64,B
7318,-0.8416299727485252,23,C
7319,0.32734201861691,13,C
7320,-1.7126178199270443,93,C
7321,2.2045598564554663,5,C
7322,-0.6591210529317238,1,B
7323,0.344430069228536,7,A
7324,1.489586584650992,4,C
7325,0.3933633437247065,58,B
7326,-2.653883711896764,49,B
7327,-0.5794655290861904,14,C
7328,-0.0515627743926658,49,C
7329,-0.1225719202587319,87,C
7330,0.4460752848544648,57,B
7331,-0.7279150147136976,47,B
7332,0.833700673765915,26,C
7333,0.5927468941758273,33,C
7334,-0.9572865595365042,21,C
7335,0.4918340502722869,57,C
7336,1.6990189915791507,92,C
7337,0.5794174899604727,40,B
7338,1.0808493602326583,3,B
7339,0.9386444205668116,19,C
7340,-1.9359434006047636,97,A
7341,0.3795876385841309,28,B
7342,-0.8468102164045462,3,B
7343,-0.8676415946262352,5,C
7344,-0.342779090207792,99,C
7345,0.8415849476760251,21,A
7346,-0.206480217235287,51,C
7347,0.2454237808154039,69,C
7348,2.537204040187057,92,B
7349,0.3953534334835875,83,A
7350,0.6644850787342372,51,B
7351,-0.6579361302371133,93,B
7352,0.5780892200469686,27,B
7353,-0.0883457101367593,14,C
7354,1.5274584623729994,17,C
7355,0.3593644123996878,21,A
7356,0.7336397604611575,83,C
7357,0.2031168708707023,57,C
7358,0.0936832291055647,55,A
7359,-1.9741315262264616,83,C
7360,-0.1691727100490712,6,C
7361,0.6132247724126498,88,A
7362,-2.2919055548903713,19,C
7363,0.0983035792910254,13,B
7364,0.6141761536683633,41,C
7365,0.4682609236734036,99,B
7366,-0.3488815088127451,61,B
7367,-0.1572183253826659,12,C
7368,1.2796669706840358,96,B
7369,0.4036289778434485,45,B
7370,-0.62481119312024,25,C
7371,0.4114264407521377,39,C
7372,0.0276318263699591,68,A
7373,1.5639229746617898,22,A
7374,1.265875812969398,71,C
7375,0.4494815463167432,68,C
7376,0.381253845177736,96,A
7377,-0.6452135626991764,61,B
7378,-0.8972952539382604,63,B
7379,1.1051906230856705,37,A
7380,0.3132975114433054,2,B
7381,0.6712842191516519,38,B
7382,0.3751081044230034,5,B
7383,-1.2380214993254397,43,A
7384,0.0852743187467608,17,C
7385,1.7761698657210516,5,B
7386,1.5121866472793355,50,C
7387,1.9741292830480464,13,B
7388,0.490034626894172,85,B
7389,0.417709219302122,84,A
7390,1.6615313403540777,83,C
7391,0.2441847846560481,8,B
7392,0.4670783005842122,34,C
7393,0.0878870448722246,1,A
7394,-0.6455701436573335,22,A
7395,2.0120483784613463,62,B
7396,0.0082880116151514,72,A
7397,1.7983393996784296,5,B
7398,0.6487969098231874,41,C
7399,1.9596480482390213,31,B
7400,1.3745813499887711,67,B
7401,-0.1723006387724243,97,A
7402,-0.6618157067183926,22,B
7403,-0.2462828994497142,93,C
7404,-0.7179554234824522,32,B
7405,-0.6169177641943783,82,B
7406,0.8616618756268724,64,A
7407,-0.9929598687822534,60,A
7408,-0.4255639901533741,80,A
7409,-0.0785781420769094,52,B
7410,0.5063138992167506,79,A
7411,0.7542074298653456,29,A
7412,-1.3741006768089303,42,C
7413,0.168716841960202,92,B
7414,1.0569819084627656,74,A
7415,0.7184498146061855,55,C
7416,0.76605470332035,31,B
7417,-0.8018084402784702,65,A
7418,2.149203702153476,10,B
7419,-1.0812897543312523,73,A
7420,-0.2041000883117442,88,C
7421,0.2168289231964819,8,B
7422,-1.0573963021572788,95,C
7423,-0.6569037019990428,41,A
7424,-1.5832806550404124,66,B
7425,-0.4640846037939107,78,A
7426,0.9065517015849204,15,B
7427,-0.7207021575039552,36,B
7428,-0.172267514839834,63,A
7429,0.2929663060876024,46,C
7430,-0.2193647166268102,72,A
7431,-3.752667331301749,99,B
7432,-0.2636367826075448,15,B
7433,-0.2487367874173031,97,A
7434,2.230111125288875,50,C
7435,-1.3748840586465116,44,C
7436,-0.6896097873882265,82,B
7437,1.5519159023815576,80,A
7438,-1.3402170719417497,60,C
7439,0.3889281364614495,68,C
7440,-1.6542216658572204,82,C
7441,0.8855764466960584,83,A
7442,-1.0166316076760311,91,B
7443,-0.4744938857342579,26,A
7444,0.033202662800936,59,A
7445,-0.097250154451235,98,A
7446,-0.2067792681000665,34,B
7447,2.2699527407876054,19,B
7448,0.5286671183318193,79,C
7449,-0.5041879699401008,74,C
7450,0.0528343846662563,21,C
7451,-0.1271081778840493,13,A
7452,-0.6438406449957899,45,A
7453,0.6994628255091152,67,C
7454,-1.664719251523698,25,A
7455,-0.0386280049329311,54,C
7456,-0.9989267120939376,54,A
7457,-0.0353108879774062,50,B
7458,0.2940965980996457,43,A
7459,-1.4967438407559397,19,C
7460,-1.014310137794959,5,A
7461,1.2645307073275582,58,B
7462,-1.2051027946512674,44,A
7463,-1.1161344234788444,55,A
7464,1.140565536779736,70,C
7465,1.1674712504697065,17,B
7466,-0.1689201272426979,59,A
7467,-0.8405085698892072,38,A
7468,-0.6201218014223279,14,C
7469,0.258810076869585,32,C
7470,2.095847331236691,91,C
7471,0.2787491560311076,78,A
7472,0.4006350286338867,45,B
7473,-0.2049008308859891,28,B
7474,1.6598659224187902,49,C
7475,-0.6425552157986139,34,C
7476,-1.132794210084738,95,C
7477,-1.1690927892084058,70,B
7478,-0.4504165965433214,85,A
7479,0.1587809221952404,55,A
7480,0.5631604760366551,94,B
7481,-0.0066248139406266,14,A
7482,-0.7520102172507291,42,A
7483,0.134972088685013,25,A
7484,1.7010873878717538,5,C
7485,0.1653071826158712,53,C
7486,-0.7238941448054852,13,C
7487,-0.1472098574709567,52,A
7488,0.6823447625916483,19,B
7489,-0.541688339523453,94,B
7490,-1.1485986627621796,31,A
7491,-0.9877901641380586,73,A
7492,-1.5195594651795092,3,C
7493,1.0885979715307526,86,B
7494,1.0695522401114377,93,B
7495,0.0548296637830713,80,A
7496,-2.0154521394852023,43,C
7497,0.7298839424639733,1,B
7498,-0.2489805395222032,26,C
7499,0.7290977949339541,48,C
7500,0.0409041616385307,69,B
7501,0.7882672883706736,12,B
7502,-1.0227600605046547,92,A
7503,-1.3270587901665831,30,B
7504,0.4911776219388298,88,B
7505,0.8655312661264842,62,B
7506,0.0346529044553751,85,B
7507,-0.6017169710770438,13,C
7508,0.4025882899052281,51,A
7509,0.7863345030634131,30,A
7510,0.1892837474184651,51,A
7511,-0.4908811713365173,91,B
7512,-1.051776657208827,27,B
7513,-2.7934413600152292,87,A
7514,0.8122959339750234,29,B
7515,0.9207475732577588,76,C
7516,0.6778040595306651,52,C
7517,0.8927737626649619,66,A
7518,0.2328959619453269,61,C
7519,0.9646415333219897,68,B
7520,-0.130197632053705,53,C
7521,0.7309882626364939,43,B
7522,-0.1277729507037247,49,C
7523,-0.4403636928875203,94,A
7524,0.5068660396495405,85,A
7525,-2.2118812748447825,27,C
7526,0.165713369673779,25,B
7527,-0.2274252543529152,97,B
7528,0.8335645918866369,6,A
7529,-0.4505769680751155,16,C
7530,0.1145817988839928,50,A
7531,-0.5749219626799358,21,A
7532,-0.1700278089976405,3,C
7533,-0.7008708039457905,51,A
7534,0.3891937136406679,83,C
7535,-0.862167995743906,20,B
7536,-0.0419299448130597,46,A
7537,-0.6508352629708328,14,B
7538,0.5432236741642557,37,B
7539,0.9999857112825334,47,A
7540,1.0717799300750968,37,A
7541,0.5797169393307963,39,B
7542,1.2453906148044125,70,A
7543,0.5107649934857121,10,A
7544,0.7060450727016389,99,C
7545,-0.7698183264991407,3,C
7546,0.0893701746528947,17,A
7547,-0.1323757221106318,96,B
7548,0.572157721606017,34,B
7549,-0.4307050074780791,51,C
7550,-1.0730506558236348,4,A
7551,-0.1330755808935177,75,C
7552,0.1331580082342451,65,A
7553,0.0855385525208545,69,B
7554,-0.913386181762514,22,A
7555,1.4807171457948654,7,B
7556,-0.6688442082425123,52,C
7557,0.9046178599601584,61,A
7558,-0.0475615790443697,15,A
7559,1.2424920473250916,29,B
7560,0.1246611152856063,97,B
7561,0.5911717733297627,69,A
7562,-0.5204869642217261,44,B
7563,-0.2533072842762553,55,B
7564,1.4868364025250806,9,C
7565,-0.6273183842782248,39,A
7566,-1.074214774940619,93,A
7567,-1.1182399232450653,31,B
7568,0.5688428710749015,29,A
7569,0.7270932915226498,83,B
7570,-0.1124859587870147,21,C
7571,-1.1735385972402923,63,C
7572,-1.8795748354288848,18,C
7573,-0.5799330218879741,2,A
7574,0.0126885792919249,21,C
7575,-1.1912667405363182,18,A
7576,0.1302812543797888,98,C
7577,2.0876135327281524,99,C
7578,0.8386736663453358,80,A
7579,-1.4518266212099906,42,A
7580,-1.5933503668512692,59,C
7581,-0.0007993491612169,97,C
7582,-1.4127582694983285,35,C
7583,0.6944905155571793,85,A
7584,1.2126644581019796,67,B
7585,-0.5035876594149007,9,B
7586,-1.1641037812987074,77,C
7587,-1.34847945109069,97,C
7588,1.1985973681385278,90,A
7589,-0.7532146016773565,94,B
7590,0.3162751818296669,9,B
7591,-0.6648934025788271,40,C
7592,-0.6704301930893819,66,C
7593,0.0044770276380808,79,A
7594,1.3848940694016163,50,A
7595,1.087359497060716,76,B
7596,2.7104351933362256,27,A
7597,0.1247980631100615,66,B
7598,-0.1368689411064233,58,A
7599,-0.4698741886129849,96,B
7600,-0.5920481251532619,51,B
7601,0.0882759391295505,11,C
7602,1.6201311450932767,25,C
7603,-0.6109625260777722,84,A
7604,-0.0673808048425006,31,A
7605,-0.5119404169623197,29,C
7606,-0.6588898459722373,8,C
7607,1.4028935106172633,15,B
7608,-0.9977710589413696,77,B
7609,-0.1919576289688901,25,A
7610,-0.9937915568258052,38,A
7611,0.047430228009062,41,A
7612,-0.2740394664557696,20,A
7613,-0.834707413188071,42,B
7614,-0.0215095822554228,93,B
7615,0.4302090093844073,15,C
7616,0.9066817967002316,14,C
7617,0.235385872194093,80,C
7618,-1.24812677689597,25,A
7619,1.2840518950482254,88,B
7620,2.9347619592539833,37,B
7621,-0.9865611161408708,6,B
7622,-0.0520979576880618,36,C
7623,1.005439046559338,42,B
7624,0.5967415178281845,54,C
7625,0.9891059785795816,12,B
7626,1.1850789451022468,28,B
7627,0.1917802144902249,26,B
7628,-2.0082659131901632,63,A
7629,-1.4792100076436612,61,C
7630,0.0900670820131601,5,C
7631,-0.2747526116501262,12,B
7632,0.8873283224105734,41,C
7633,-0.2238878352801349,13,A
7634,-0.3932577008570115,96,A
7635,0.8450083621951152,43,C
7636,1.0674674814502327,78,A
7637,0.2502210682835494,30,B
7638,-0.1839544181917626,17,C
7639,-0.0482293687375364,92,A
7640,0.2375173586865615,39,B
7641,0.3014236531226847,26,A
7642,-1.811222865221111,95,C
7643,-0.9596625297726876,25,C
7644,1.10462995576926,19,C
7645,-0.3405866901463797,25,A
7646,-0.1604833830672415,88,B
7647,-0.9598544499874576,68,C
7648,-2.011963923691737,64,B
7649,-0.3056384700513221,67,C
7650,-2.431874356641268,15,B
7651,1.0105923609700702,5,B
7652,0.6587975071815815,20,C
7653,-0.2232935286519371,6,B
7654,1.1608029226182703,34,B
7655,0.1006226543370366,46,A
7656,1.3974514435139915,6,A
7657,-0.9997726052121793,51,C
7658,0.2786042853382197,45,C
7659,0.5314346668770098,93,A
7660,1.032430423926765,91,C
7661,1.2026025191611347,56,B
7662,0.4437216272053711,67,A
7663,1.4690876640300607,99,A
7664,0.3000413642320181,34,A
7665,-2.5331901123054297,39,B
7666,0.4528272563947279,17,C
7667,-1.6219859760655937,68,B
7668,0.7397764728105649,21,A
7669,0.118517127305638,83,B
7670,1.0569730870305545,43,A
7671,0.089597542870591,46,A
7672,-1.0995645592676446,80,C
7673,2.6705407447008476,94,B
7674,0.4689472439767506,82,C
7675,-1.4033871328908791,5,B
7676,0.0653458821331341,45,A
7677,-1.473800942793197,20,B
7678,2.4075203276253037,38,C
7679,1.0043074971172623,5,C
7680,0.9465972456590522,2,B
7681,-0.7109806028304985,68,C
7682,0.024156836624828,84,C
7683,0.6204999821098403,97,A
7684,-1.3054714476062166,61,C
7685,0.2614794053416494,37,B
7686,0.6726868816833735,81,C
7687,0.2732655708502555,89,B
7688,-1.4755446833483217,45,A
7689,1.8957379529199665,16,B
7690,-1.248212449850486,29,B
7691,0.4369358602388232,42,C
7692,-1.0847361274818548,79,B
7693,-0.6422275133511737,49,B
7694,0.6242960408958147,52,C
7695,-0.2191468543343167,56,C
7696,0.7541367583983618,41,A
7697,0.4837981577457061,81,B
7698,-0.0002610252793689,24,A
7699,1.5962710671064375,50,B
7700,0.2893836745140691,17,A
7701,-0.9609759740775404,80,B
7702,0.3495496335979953,85,C
7703,2.145556668261015,62,C
7704,-0.1789440826820959,73,C
7705,0.0444635973807399,2,A
7706,-0.485679936289873,64,C
7707,-2.110073300466329,68,A
7708,-0.0977979414986824,30,B
7709,-1.768213651401198,53,C
7710,0.5004901075388944,32,B
7711,-0.1885215864858155,68,B
7712,-0.8837278406541702,77,C
7713,0.8694778384834541,64,C
7714,-0.3900094121945692,66,A
7715,0.1806499856616781,9,B
7716,0.0593511368185464,73,B
7717,0.4685652926198506,74,B
7718,1.3327203536854997,25,B
7719,1.531279327272594,41,A
7720,0.6062016505629364,51,C
7721,0.6200361631457607,44,A
7722,-0.0248423098012602,17,C
7723,-0.6424427945098279,23,B
7724,-2.3349418525658483,77,B
7725,-0.690480614997791,96,B
7726,1.4033705761949822,54,B
7727,-0.4208275165590537,29,B
7728,0.017466482190071,53,C
7729,0.4767341009151757,51,B
7730,0.3524983202300938,50,B
7731,-0.4175268282853765,63,A
7732,-0.334873901301959,39,B
7733,0.1284798742094392,47,A
7734,-0.3882452756141302,55,C
7735,0.0602734573222359,98,C
7736,0.6329891072853671,34,B
7737,-1.805791384276928,19,B
7738,0.233516872827477,18,B
7739,2.8923840348318315,11,A
7740,0.6734226132802485,27,B
7741,-0.8080853283642457,50,C
7742,-0.7142204093655589,3,B
7743,0.6362550375313558,22,A
7744,0.5257313106539684,95,A
7745,1.7928640994007816,45,B
7746,1.091796838248161,54,B
7747,-0.538637933297847,79,B
7748,-0.5271334869503432,39,A
7749,-0.5430227545508025,24,C
7750,-1.3652209125265051,96,A
7751,-0.755976529312887,91,C
7752,0.7763279823621347,71,A
7753,-0.0933316329696012,94,C
7754,-2.1059187782019,16,B
7755,-1.159699734825173,44,C
7756,0.5723303000726179,69,A
7757,-0.9716411795642124,99,B
7758,-0.0698015986627909,16,C
7759,0.7288415111594195,22,C
7760,-0.6758602314836865,28,C
7761,0.7923528112389767,10,A
7762,0.6187857024426561,98,B
7763,-0.7148018275718502,47,A
7764,0.7413479116516936,30,A
7765,0.339608415120129,13,A
7766,-1.7962500863273507,54,B
7767,-0.8967255730566717,53,A
7768,-0.1694900200603966,31,C
7769,0.9913273768986228,47,A
7770,0.2814781248201759,72,A
7771,0.5205672448475644,77,B
7772,0.3019521323589968,45,B
7773,0.3312152969388338,75,B
7774,-0.9237031462911968,53,B
7775,-0.4024964149455207,73,C
7776,2.5972389777203597,30,B
7777,-0.4531386149864707,34,A
7778,-0.8579814140550611,44,A
7779,0.2799084821132535,99,A
7780,0.3367030935901633,75,A
7781,0.2648431174833803,51,C
7782,0.628011106744526,25,A
7783,1.1048214554524265,97,A
7784,-0.6709248299973819,92,B
7785,0.257240998722256,81,B
7786,-1.0875099870270135,25,A
7787,1.840831003050976,37,C
7788,0.2899980017925721,99,B
7789,0.8830416095027162,90,C
7790,1.1883140262737055,87,B
7791,0.4667278669927171,36,A
7792,0.8403974146151953,73,C
7793,1.0838704869965563,9,C
7794,-0.806496878044318,21,B
7795,2.347341177645279,98,A
7796,0.2974820838415222,31,A
7797,0.2728785997862022,48,A
7798,-0.0605010624506174,62,C
7799,-0.50408223466476,86,C
7800,0.7176880054553906,17,A
7801,-0.3439773266355516,92,C
7802,-0.6588047855853966,81,C
7803,-1.8578364780366603,90,C
7804,0.0913529184672215,70,A
7805,-0.9208710681305904,84,A
7806,0.0991392706851044,77,B
7807,-0.0094964483560415,36,A
7808,1.9085782406091656,81,C
7809,0.2530177361842898,38,C
7810,2.740300931877863,89,C
7811,0.5790636258842167,32,A
7812,-1.7539562179825627,22,A
7813,-0.4658753121767881,96,C
7814,-0.4708023805521528,45,B
7815,-0.5936320258827193,32,C
7816,0.9817370165388056,63,B
7817,-0.1400303910913959,89,B
7818,-1.0624540751461342,40,B
7819,-0.4036746963513124,75,A
7820,-0.0078069173448067,92,A
7821,0.3019142828050411,80,A
7822,-2.1984534487536074,34,B
7823,-0.255667614148684,9,A
7824,0.5785944414290397,67,B
7825,0.9773323852509817,49,A
7826,-0.931521076800427,10,C
7827,-1.1555018575991358,42,A
7828,-0.3017101165717777,81,B
7829,-0.5027864034535332,2,A
7830,-0.2476683109976235,22,C
7831,-1.013405779990786,59,B
7832,-0.2672779218216733,62,B
7833,-0.4451842056521535,54,B
7834,-0.4219301256450046,87,B
7835,-0.3000212206294756,43,C
7836,-1.460617159332121,28,B
7837,-1.5819168293057209,57,A
7838,1.6041708173399911,48,B
7839,-1.1203837241279246,31,C
7840,-1.8179402580452249,3,A
7841,0.6065838101102085,11,A
7842,0.2364271320892095,38,B
7843,-0.0897514368017801,9,B
7844,0.6885569033766555,20,B
7845,0.7864520714711073,42,A
7846,-0.1429281183486642,28,A
7847,-1.5311269356696775,54,A
7848,0.207338978427404,20,B
7849,-1.4580179037546646,7,C
7850,-2.1930747864278075,3,A
7851,-0.9679984362098316,7,A
7852,0.285882499308792,64,A
7853,-0.6282759124969649,44,A
7854,1.0573253188556386,31,C
7855,-1.0649976097301594,91,A
7856,-0.097378867921897,98,C
7857,-0.0292765608562755,86,B
7858,0.7872728405475203,93,B
7859,1.5936141560781063,19,C
7860,0.5603909122900506,49,A
7861,-0.2580049529853627,59,C
7862,-0.027128606073483,61,A
7863,0.5851933693183503,36,A
7864,-1.0293064641616454,31,C
7865,-2.065580347971854,14,A
7866,0.2161276163779499,57,C
7867,0.3934198981163141,53,B
7868,0.4754506425290806,69,B
7869,-0.0476294707278309,84,C
7870,-1.9689471708446225,59,A
7871,-1.328099851775758,29,A
7872,-1.2739921089721729,69,A
7873,-1.317494394966599,99,C
7874,0.221320374372233,21,A
7875,2.8155112903335673,54,C
7876,0.1973165816571574,50,C
7877,0.0435077409841411,23,C
7878,0.833984950869231,12,C
7879,-2.2578577402405946,86,B
7880,0.2189284839861542,69,B
7881,0.2418344988237851,48,A
7882,-0.8858118720899023,40,C
7883,-0.6892624898813313,46,A
7884,-1.0873466101951286,83,C
7885,1.0493469547683527,12,A
7886,-0.545053218870519,71,A
7887,0.5928968342071221,41,A
7888,0.9964590006487172,98,A
7889,1.3104976086764455,94,A
7890,-0.4892790529546222,15,A
7891,0.802813646277747,7,B
7892,0.7128358855614164,61,A
7893,1.601030284508686,58,C
7894,-0.9088180588647014,66,C
7895,-1.7019001812685015,55,B
7896,0.9550614090053956,57,C
7897,1.0906227946298228,15,A
7898,0.41841119706593,88,C
7899,1.8899632660201644,65,B
7900,0.3967583369424271,58,C
7901,0.991124667362673,16,B
7902,1.7546565477163756,34,C
7903,-0.498354938004606,42,B
7904,0.998814944204958,73,B
7905,1.2271997160536887,12,C
7906,0.4935924297031098,75,B
7907,1.5758990577917125,49,C
7908,1.278694356836969,88,C
7909,0.1440246692949957,5,C
7910,0.3901707497129977,10,A
7911,-0.0645515742774482,71,B
7912,0.4078864742882072,96,A
7913,0.5199151935750186,21,A
7914,2.149091409706768,23,A
7915,1.0217575823012908,47,A
7916,1.4891345822092492,57,B
7917,-0.1438980588103748,32,A
7918,0.4994706473675858,92,B
7919,-0.3205330294806302,29,A
7920,-0.1630761672805485,86,B
7921,0.3008189150407749,64,A
7922,0.3938848613966416,51,C
7923,1.1608838759539777,23,C
7924,0.0179562441902598,56,A
7925,-1.7701523042653673,21,C
7926,1.0319727022742111,80,B
7927,-1.4415020411202866,1,B
7928,0.3617896640459953,84,C
7929,-1.0676023494781424,41,A
7930,0.0294138268891647,95,B
7931,-1.1949717372206905,30,A
7932,0.991907749394046,14,A
7933,-0.6362144905814789,63,A
7934,1.0901347441989917,92,B
7935,0.0777956983594746,42,C
7936,-0.3340577142492024,77,A
7937,-2.601189129312283,93,B
7938,0.6559324712199377,73,C
7939,-0.0481887967671171,94,C
7940,-1.036646746047579,21,B
7941,-0.3533239061888376,74,C
7942,-0.7685738617297398,20,A
7943,0.1340228331040095,21,B
7944,-2.967220214825258,7,B
7945,0.250706564709857,36,A
7946,-0.9183007353623244,54,B
7947,0.7325751336543753,89,A
7948,0.2607237196995682,17,C
7949,0.6959829571589095,38,C
7950,-0.3619142707531634,11,C
7951,1.1992669946789052,81,B
7952,-0.9928413090558508,22,A
7953,-0.2213266894451752,2,C
7954,1.2563846288660383,73,B
7955,0.2749709257827215,26,B
7956,-0.3478420119703074,75,A
7957,1.1988349825117846,22,C
7958,0.2432676484747095,46,A
7959,-0.4897418252953455,14,A
7960,0.0819976906441416,53,B
7961,-0.2083420499082875,14,C
7962,-0.0068024713172683,51,B
7963,-0.6862903372449285,96,B
7964,-0.9015675311535908,14,A
7965,0.5250094685764779,84,C
7966,-1.2315102815090002,36,A
7967,-1.107639505025089,24,B
7968,-1.0858660355127048,99,B
7969,0.591214297825946,38,C
7970,-0.2344709120334283,36,C
7971,1.1703562470255775,9,C
7972,0.8236586316312393,80,A
7973,-0.1335811174147529,58,B
7974,-0.9258936656690474,44,A
7975,-0.8913582860420146,55,B
7976,-0.3497577081530098,99,C
7977,-0.6063501726556044,69,C
7978,0.8245247483480732,32,A
7979,1.584448283697253,60,C
7980,-1.3680258981411384,59,B
7981,-0.1168818515624198,74,C
7982,-1.3125441404134173,60,C
7983,0.6292797281235644,11,B
7984,0.2206874330490005,82,C
7985,-0.5012851798596266,76,A
7986,-0.7904627462298683,12,C
7987,-0.5676353563285271,37,A
7988,0.7392122923447692,94,A
7989,-0.8053328373322782,22,B
7990,-1.0782793653553056,39,A
7991,0.6467795472430939,96,C
7992,-0.1144464370417089,2,A
7993,-2.4167555255046187,63,B
7994,0.5412912077497948,48,B
7995,-0.3702071866904768,12,B
7996,0.6794112727127214,59,C
7997,-1.5415233063553504,64,C
7998,-0.7963116672993743,30,A
7999,0.2957870712131046,52,C
8000,0.4918349958169011,17,A
8001,0.223940311033564,75,C
8002,1.7270540652532824,57,B
8003,1.1553207775539605,58,B
8004,1.4395028875192266,22,C
8005,0.2609547552423821,93,B
8006,-1.5281984931041066,88,A
8007,0.178100694714509,16,A
8008,-1.4247576669158672,53,B
8009,0.8953678086659065,86,C
8010,2.363365950201098,84,C
8011,-0.6457511225749111,11,C
8012,-0.9240851050711018,84,A
8013,1.5236105525915382,58,A
8014,0.4940422029404416,84,A
8015,0.0509175094678012,94,C
8016,0.4986427814820846,18,B
8017,0.958245384659841,56,B
8018,-0.4023152621600936,80,A
8019,-1.619566152916032,13,B
8020,-1.452345215203266,76,C
8021,-1.821659494472497,84,A
8022,1.1483178170971569,24,B
8023,0.4809096418189206,15,A
8024,-1.0696474260088895,41,A
8025,-0.7469262020405101,90,A
8026,0.6829969989932478,8,C
8027,0.8478910473275368,8,A
8028,-0.0566289052095872,60,C
8029,0.9776374824208628,22,B
8030,1.4870934007734848,17,B
8031,-0.7264263497253634,54,A
8032,1.8451875559594504,60,C
8033,1.2159701567836942,57,A
8034,-2.8773084966527307,99,B
8035,0.3733481866746507,9,C
8036,0.6577526075482159,35,B
8037,-0.7928262830125227,68,B
8038,-0.8757630407536119,54,A
8039,-0.8633650307013426,49,A
8040,-0.2683910096324479,75,A
8041,1.2140827768825826,12,C
8042,0.872665537057041,89,B
8043,-0.6492562776683667,97,B
8044,-1.102939257058671,3,C
8045,-0.3776476690613349,65,B
8046,-1.0122345988323032,10,B
8047,0.7899919903782954,49,B
8048,-1.30356668387652,9,A
8049,-0.008856121796386,1,A
8050,0.8490395729659629,39,A
8051,-0.6904320803038888,43,C
8052,-0.8878018550342985,69,C
8053,-0.6634477325528197,48,A
8054,1.2296612492896963,35,C
8055,-0.5294665794312623,39,A
8056,-0.382925192656863,97,C
8057,-0.7862932112241637,66,A
8058,0.3783287018127159,21,B
8059,0.7265304092497867,35,A
8060,-0.2753333815073416,79,A
8061,-1.0166121085240665,15,B
8062,-0.45170884202128,73,C
8063,-0.4459383892547838,39,B
8064,1.0501666955810829,91,C
8065,-0.6174889434247907,89,C
8066,-0.9111897928466102,89,A
8067,-0.1321990863731176,22,C
8068,0.2140991618886787,74,C
8069,-1.829317221023175,83,B
8070,-0.0950572094174794,2,B
8071,0.9475762944395412,30,C
8072,0.2778316662219864,81,C
8073,-0.3450375337586879,70,C
8074,0.3257896974375691,53,B
8075,-0.9164523743098928,45,A
8076,1.4641773677553245,79,B
8077,1.947987203012416,81,C
8078,2.1225515139451727,64,C
8079,0.785885867260486,69,C
8080,-0.9774404787337764,38,A
8081,-0.8151497725610235,69,C
8082,-0.4187268742779759,95,B
8083,1.7161141607709964,18,C
8084,0.1080683618551263,49,A
8085,-1.2316481203419074,52,A
8086,-0.7008826949876054,11,A
8087,0.3278239934488212,82,C
8088,0.2737672518218279,82,B
8089,0.3636885057321022,61,A
8090,0.7959352495942463,81,A
8091,0.344964181661562,49,C
8092,0.3085121520275976,50,C
8093,0.1551361512497994,72,A
8094,-0.9274971154336924,77,A
8095,-0.2049720860016066,54,B
8096,0.3548175673940772,35,A
8097,-0.5027631081094308,61,C
8098,0.5209503902515689,98,B
8099,-2.5458026524460844,35,C
8100,1.6690366798634482,55,C
8101,1.2833922999264644,69,B
8102,1.0374497427534404,81,A
8103,-0.0067542470173668,27,C
8104,0.7597086156386169,30,A
8105,0.7885800181377312,63,A
8106,-0.4753327126236085,52,B
8107,-0.0353704217656905,66,C
8108,0.9978510498900348,41,A
8109,-1.2235039157472185,10,C
8110,0.7314487986885386,46,B
8111,-1.590166121435129,53,A
8112,0.099765504351306,71,C
8113,-0.1672201030763591,57,C
8114,-0.1062261144223432,65,A
8115,-0.1875472877853263,74,B
8116,0.0709202865550185,36,A
8117,0.5444770729132558,29,B
8118,1.6772947194475758,64,A
8119,-0.3749384218568327,9,C
8120,1.8203310934110828,12,C
8121,0.1561220572228022,84,A
8122,-0.2371853347103832,19,B
8123,-0.8060200393663249,90,A
8124,-0.7204893890497016,72,C
8125,-0.5084605822362239,79,B
8126,1.7390278934233665,12,B
8127,0.9044836094956972,62,A
8128,2.089451060387769,80,A
8129,-1.0526233558149087,59,A
8130,-1.0474850950679004,99,B
8131,0.3908467371852673,35,B
8132,-0.0534266977553072,50,B
8133,-0.9824590510680102,41,A
8134,1.7586548274785216,5,B
8135,1.1484807770844867,45,B
8136,-0.0262857753468748,8,C
8137,0.7483178025629396,75,C
8138,1.0375722095806104,80,A
8139,-0.289038951800346,64,B
8140,-0.7995159074983736,70,C
8141,-1.4591694038857757,75,A
8142,1.1207712654071864,28,A
8143,-0.3595075465245136,3,B
8144,0.9082637900904555,48,C
8145,-0.9604628298996244,19,C
8146,0.9018702029008152,64,A
8147,-0.7148806547277082,52,B
8148,0.3977771191994778,37,C
8149,-0.0274621733843869,19,B
8150,0.0700157071765394,95,C
8151,0.2334272322924054,67,B
8152,0.1717766298065334,73,C
8153,-1.5920277184897988,57,C
8154,-1.6870330592030134,16,C
8155,0.6595225145919722,2,B
8156,0.6778868707016539,46,B
8157,-0.7598032450428241,88,C
8158,-1.4650859307807875,56,C
8159,-1.7714951171346194,31,B
8160,-0.4899442643827447,64,A
8161,-0.34577038118357,7,C
8162,1.1568793004513165,21,C
8163,-1.4895222132062873,18,B
8164,-2.0167599169463855,3,C
8165,0.3645266856025352,88,B
8166,0.0970752604141979,42,C
8167,-0.4514722962086442,33,A
8168,-0.3277416826543981,92,C
8169,-0.7151971890794948,9,B
8170,-0.8000837996811442,26,C
8171,-0.5786550011957459,70,B
8172,1.303811944895437,54,A
8173,-0.1337125592086522,57,B
8174,0.1154535679063629,69,B
8175,0.167730919517169,85,B
8176,-1.29560228479304,69,A
8177,-0.9190787538852532,30,B
8178,1.2704460407920877,83,C
8179,-0.0769459190347639,50,A
8180,1.0125230646078929,92,C
8181,-0.224786179674299,79,B
8182,-0.5951019266160671,69,A
8183,0.3673511435661333,89,B
8184,-0.6598794464031752,31,C
8185,-1.32788179477535,12,B
8186,1.07171923237257,45,C
8187,0.2143871116689028,4,A
8188,1.789026193697044,90,A
8189,1.189388031148913,59,A
8190,-1.0033233374745034,97,C
8191,-2.039801658371213,97,B
8192,-0.8242428567738753,37,A
8193,0.4709428184868763,44,B
8194,1.918976127275023,70,A
8195,0.2082104107309025,73,B
8196,-0.7659742401586628,9,A
8197,-0.3925555715214893,36,B
8198,1.2841757852967854,18,B
8199,-1.5944413221451823,84,A
8200,0.0466230341196978,90,B
8201,0.6256403289717652,56,C
8202,-0.42082219893902,46,C
8203,-0.1081647597344075,96,B
8204,0.6009682950832801,69,C
8205,-0.0920929387610891,61,C
8206,-0.8328241697031055,5,C
8207,0.2875433446141794,95,A
8208,-0.3813894416806947,43,C
8209,-0.1784894926757536,87,C
8210,0.4353856015786359,1,A
8211,0.7497270941385116,63,A
8212,0.6785503140527577,70,B
8213,1.1707710784054206,14,A
8214,1.1811833509383305,13,C
8215,-0.7715589778599052,43,C
8216,0.0716313212682693,98,A
8217,1.5711862301092838,28,B
8218,-0.3130309282223356,62,C
8219,-0.2468044581824435,76,C
8220,1.0092908176465107,85,B
8221,0.5368943418612251,43,A
8222,-1.4387405584607074,46,B
8223,0.918165219113172,33,B
8224,1.1504680462472148,48,C
8225,1.2149025654087724,52,B
8226,-0.8311835832972131,61,C
8227,-0.758907617064955,97,C
8228,1.7415127143832552,95,A
8229,-1.0856285457314283,84,A
8230,-0.3464812430440482,7,C
8231,0.3510400583406978,97,B
8232,-0.2540023338978148,87,C
8233,0.8923623998460626,96,B
8234,0.4859551426335619,56,C
8235,-0.263341744697929,5,C
8236,1.0937661594003554,80,C
8237,0.6594843309600547,34,C
8238,0.0054511820798265,20,B
8239,-0.9961221737542496,8,C
8240,0.1479481365167687,43,C
8241,0.1295046436973048,13,B
8242,0.0348322263533873,84,B
8243,0.6331246493125097,32,B
8244,0.2661224677487429,11,C
8245,0.4631239339216226,48,A
8246,1.5469003965431674,16,C
8247,0.2177055722419131,98,B
8248,0.9874077050380616,17,C
8249,-0.4577089631583612,81,A
8250,0.2607460941365154,14,A
8251,0.6028642925627353,12,A
8252,-0.3417752142705492,41,A
8253,-0.440941404992963,28,B
8254,-0.6307150337771571,2,C
8255,-0.8781547399139641,39,B
8256,0.1713761395506899,51,A
8257,-0.247300213557267,13,B
8258,-0.319766668910633,94,B
8259,0.7219374451580453,67,C
8260,-0.4359022745160016,92,C
8261,1.5356240356729898,95,C
8262,-0.5347303278052451,63,C
8263,-0.4325788115208392,48,C
8264,-0.7761046398461291,32,A
8265,-0.2609563280856241,38,A
8266,0.1740602619385372,1,B
8267,0.4087162176963512,33,C
8268,0.0075959853451013,57,A
8269,1.9928826398239512,51,C
8270,1.3983094961443947,62,B
8271,0.9672907806604354,2,C
8272,-1.0360034588358722,85,A
8273,1.1128946710127907,24,A
8274,-1.6438706750949603,74,B
8275,0.0720011471959001,45,A
8276,0.1873292140299102,28,B
8277,1.3934146995582029,14,A
8278,-0.0813338653715081,17,B
8279,-0.2763343110282037,39,A
8280,-0.9067765279776728,97,A
8281,0.8789226810342701,93,C
8282,-0.3900169681563591,83,B
8283,0.8709906479514742,79,B
8284,-0.563828178263749,70,C
8285,-0.3780007236166102,54,B
8286,0.3003050336370715,54,C
8287,0.2594866811317467,90,C
8288,-1.6877181512139816,26,B
8289,0.3656780379471971,23,B
8290,-0.923259841726366,31,A
8291,0.8558784624046991,46,B
8292,-0.2931570140229417,10,B
8293,1.5850649776668175,11,C
8294,0.4472519359450474,50,A
8295,0.2361196875291664,42,C
8296,0.4781697208636272,85,B
8297,-0.4560591797558412,41,B
8298,0.5399563069604774,41,A
8299,-0.9629536301637082,89,B
8300,-0.1120256376207146,86,C
8301,1.5075203096140353,93,C
8302,0.9357935769119536,65,B
8303,1.4891588259397568,82,A
8304,-0.0869900993679237,14,B
8305,-0.1161451243676885,52,B
8306,-3.099864370421918,42,A
8307,-0.4775037301958461,89,A
8308,-1.1579400739538732,75,A
8309,-1.3042017114375608,57,C
8310,-0.974256690966836,19,C
8311,1.3120247196752697,21,C
8312,-1.8227253640365344,28,C
8313,1.7084857168675538,95,B
8314,0.5940061044497665,53,A
8315,-0.8111144989121281,29,A
8316,-0.361952110073903,43,C
8317,1.1207481039449223,84,B
8318,-1.4152133213406617,90,C
8319,1.9878979979627087,76,C
8320,-0.8696590381592894,57,A
8321,-0.6087441469385633,19,B
8322,-0.172224271168026,55,B
8323,-0.14627556254139,97,A
8324,0.9675399246294996,5,C
8325,0.7782096929729662,78,C
8326,-0.1780481998834408,1,A
8327,0.3040853553038193,31,B
8328,-1.5579464061909165,92,A
8329,0.5797059699683494,76,B
8330,0.2690319289500397,82,A
8331,-0.6315189985064591,17,B
8332,-0.8029052523122254,36,C
8333,0.4045267035589668,41,B
8334,-2.3912455124262797,5,A
8335,0.8284378768204881,2,C
8336,-1.126756104079765,16,C
8337,0.1771273840675166,57,A
8338,0.3588211394075292,98,A
8339,-0.958305251110978,87,C
8340,-2.758856658728756,25,A
8341,-0.480669285873369,68,A
8342,-1.443859895053955,19,A
8343,1.1517006021089145,32,B
8344,2.074013054213146,10,C
8345,1.044716487760958,58,B
8346,-0.3538435734296415,39,C
8347,2.022800858832286,72,A
8348,0.0189452911868141,86,C
8349,0.5967189395047091,65,B
8350,0.794329390295654,80,B
8351,-0.6269553080366639,18,B
8352,1.7235523105830317,88,C
8353,-0.0768714105451822,37,C
8354,0.2950300554436693,98,B
8355,2.1651049187292997,19,A
8356,-1.3162187176234137,23,C
8357,0.0978811140398675,99,A
8358,0.2287960320174787,43,A
8359,0.7211157449236842,28,C
8360,0.2364661876612596,37,B
8361,-3.194447930755851,73,B
8362,-3.7537722991052616,9,A
8363,-0.5843023619446811,19,C
8364,0.7941845112267628,19,C
8365,0.9013977438890752,82,C
8366,2.2026598718758255,89,A
8367,0.9054750403733738,85,C
8368,0.1872065142132623,90,A
8369,-1.0411951232798509,93,B
8370,0.4021903299236616,70,C
8371,-1.7626106608863443,73,A
8372,1.0107435802808415,50,C
8373,-0.272593455163136,36,B
8374,1.5514388052159802,34,C
8375,0.6392887349064466,73,C
8376,0.1156735117037492,81,C
8377,-0.349992733245598,73,C
8378,-2.568946943684829,81,C
8379,1.7288933475018158,86,C
8380,-0.1801617881563871,23,A
8381,-2.514182346690923,67,A
8382,0.3402121402487462,5,B
8383,0.0060288695160575,30,B
8384,0.8541891638750679,8,A
8385,0.4556379515615618,27,B
8386,-2.098006145224543,85,C
8387,-1.1420921820305143,35,C
8388,0.6284474696310717,47,C
8389,1.7626926215340086,89,A
8390,0.1121709089971783,48,B
8391,-0.127957429449491,74,A
8392,2.655204255727986,98,B
8393,-1.3020756983337425,96,A
8394,-0.8260366880550858,60,C
8395,-0.42674897042671,29,A
8396,-0.1773163111224562,29,C
8397,0.6754745182275741,79,C
8398,0.8497179954246965,64,C
8399,-0.4056109355136704,96,C
8400,-1.421688650601287,41,C
8401,-0.6845440258592683,32,A
8402,-0.6864417269783943,24,B
8403,-0.0869195542686063,98,C
8404,-1.3319885231232098,22,C
8405,-0.9425135138375608,74,C
8406,0.4038208493839537,93,B
8407,0.1419865616139522,75,B
8408,1.0250957553032565,39,A
8409,-1.2602333392037357,44,C
8410,-1.4267840641418346,77,A
8411,-0.6028754823719836,27,B
8412,0.7663054385516299,58,B
8413,0.2504534197691412,53,B
8414,-0.9469963544522724,79,C
8415,1.4002888861990217,14,C
8416,0.0096486080703444,17,C
8417,-0.177069623653869,8,C
8418,-1.1404431125238903,90,B
8419,-0.6100435830662019,28,C
8420,0.6592364275066902,97,A
8421,-1.1284941242978297,2,B
8422,0.2998752583127393,37,A
8423,0.5675010346681949,74,B
8424,-0.3404028319925033,24,B
8425,1.444232463695069,13,A
8426,0.891320783103225,89,B
8427,-0.5028074700656558,81,A
8428,-1.0206078579519895,49,A
8429,0.909172002919464,46,A
8430,-0.032940600640406,63,A
8431,1.1007889886386968,26,A
8432,-0.7201672929865607,68,A
8433,-0.6260462486043723,73,A
8434,0.2488177611434091,57,A
8435,-0.5999047069465452,95,C
8436,-1.1635593936072026,92,B
8437,1.6892812754157238,37,A
8438,0.9092033150148108,95,A
8439,0.7680703944259356,36,B
8440,1.1300292267418153,44,B
8441,-0.6108548653385752,31,B
8442,0.9480760585283268,55,C
8443,0.7593262297968334,90,B
8444,-1.21792656161752,78,B
8445,-1.6089242640802683,7,C
8446,0.1469537389785615,23,A
8447,-0.3245131407341904,18,B
8448,0.8541833576286398,80,A
8449,-1.0542459906034822,41,A
8450,-0.6762991861047664,50,B
8451,1.1555885539760635,69,B
8452,0.7863835513170658,60,A
8453,-0.3179762082785153,98,B
8454,1.452524179139076,43,C
8455,2.2111982088332502,42,B
8456,-1.282944150292294,23,C
8457,-0.9377426063422922,11,A
8458,-0.0842784088197346,49,C
8459,1.1521891117050456,24,A
8460,0.6429556668044499,79,C
8461,-0.4631399726435777,14,B
8462,0.5363675992215092,30,C
8463,1.6736830829024425,25,B
8464,0.532787738041718,53,B
8465,0.7988222576615986,55,C
8466,-0.4384423336304338,9,A
8467,1.6013707462677869,50,B
8468,0.0452244528094234,24,C
8469,-0.938954934250146,9,C
8470,0.4427593635014658,79,B
8471,-0.3025155441657258,64,B
8472,0.7910191759121401,12,B
8473,0.4523680078946563,91,A
8474,-0.7867555307680301,1,C
8475,1.6308944723744228,70,C
8476,0.4160201038024928,54,B
8477,-0.906874061400424,64,B
8478,0.5130716442680772,41,B
8479,-0.5032109540760782,29,C
8480,1.1438171640368198,50,A
8481,-1.031235694450518,13,B
8482,-0.3966310911481166,68,C
8483,-0.32607782860943,71,B
8484,0.6301682342390063,80,B
8485,1.3532211284830358,82,B
8486,-1.013438355234154,44,A
8487,-0.0751149069637701,45,B
8488,-0.7333958885215782,53,A
8489,0.1714022041786045,5,A
8490,1.816461745545526,38,A
8491,-0.3130917755368862,5,A
8492,-0.512597524719756,14,B
8493,-1.1071488955235764,10,B
8494,0.5100204985185095,79,B
8495,0.0560612115454551,77,B
8496,0.0375856002406646,68,A
8497,-0.1935355040625308,11,C
8498,0.3533678289360668,50,A
8499,-2.0765388206298594,10,A
8500,0.6296417285580058,51,B
8501,-0.2637144515980963,33,A
8502,-0.3083077127051989,35,A
8503,0.164604478452415,91,B
8504,0.5524240336028216,32,B
8505,-1.883878197261147,3,A
8506,0.1550325750769934,1,A
8507,0.648813087514674,86,C
8508,-0.2591948910750258,6,A
8509,-0.6040806246815574,32,C
8510,0.7036791883498943,43,A
8511,-1.143657427938611,37,A
8512,-1.8021239713062889,57,B
8513,0.4437265409679147,46,C
8514,-0.4140045052488957,58,A
8515,-0.317710521302515,10,C
8516,-0.7340687680572865,99,C
8517,-0.0283021429733403,83,C
8518,2.104884079529284,82,B
8519,1.312198237689132,40,A
8520,0.7497610440832392,64,A
8521,-0.8715980276229948,87,A
8522,-0.4781837312609723,20,C
8523,0.4253249414583971,75,C
8524,0.6242237815310836,15,B
8525,-0.8467586443809413,4,B
8526,0.1607763817239274,43,C
8527,0.2334626683030066,32,A
8528,0.6217327647464992,93,A
8529,1.7823372567489697,71,C
8530,0.1546047237508282,42,A
8531,-0.2643661252337788,31,A
8532,-0.0748833954220691,74,A
8533,-0.9337007543218891,10,A
8534,-0.5979979806459742,22,B
8535,0.4474867691389692,8,B
8536,-0.4477529681954349,83,C
8537,-0.0370891696534155,50,B
8538,0.2452854174923157,59,C
8539,-3.2829513114728535,41,A
8540,-0.1236927781392055,86,A
8541,-1.260254555162421,20,A
8542,1.4720028568560426,50,C
8543,0.1372184813811243,30,B
8544,0.3075343098628477,5,C
8545,-0.8891205627738269,22,A
8546,-1.3610258662894124,92,C
8547,-0.6074688235941514,37,C
8548,-0.4211164204498782,14,A
8549,-0.4438972447838194,21,B
8550,0.8060139536289483,18,A
8551,-1.3971003936749529,83,A
8552,0.3418842714298877,97,A
8553,0.7749631925316909,21,C
8554,0.8733035933397371,55,C
8555,-0.9088719468539532,76,B
8556,-0.024209317845174,71,A
8557,-0.3925151481502003,62,B
8558,0.5366376213565014,70,A
8559,0.40347590050859,34,C
8560,1.3517318048284983,14,B
8561,0.744029952737589,86,A
8562,0.5491081234336764,83,C
8563,0.4022664178123069,70,C
8564,0.0628074499740801,27,C
8565,-0.1642101291668048,61,C
8566,0.4892852180113312,66,C
8567,1.5365149698298557,68,A
8568,-0.2153320505445458,43,C
8569,-0.5251181240141616,54,B
8570,-2.005533799325934,17,C
8571,-0.1090106399239489,86,C
8572,-0.1035552195586753,32,C
8573,-1.1197614165995309,7,C
8574,-0.8781685688633447,82,B
8575,-0.3776297152658529,96,B
8576,-0.7924363922935455,42,C
8577,0.2742062698307458,47,A
8578,-1.2487169936028255,28,B
8579,-1.6354140404298343,68,C
8580,-0.838300875638292,86,B
8581,0.9757320696839528,81,B
8582,-1.1454481092500142,49,C
8583,-0.5494193403164306,38,B
8584,0.2869243099457318,5,C
8585,-0.4468965860705109,71,A
8586,-0.5562963422885989,28,B
8587,-0.1365555369643968,74,B
8588,0.5238299881469518,63,B
8589,-2.015018293632941,58,A
8590,2.7831536315473,56,C
8591,-0.5229390290459424,85,C
8592,1.921475418764369,43,C
8593,0.6524700865524943,1,B
8594,0.5246356515227796,61,C
8595,-0.3948811438768185,24,B
8596,-3.0115335897312496,80,B
8597,-0.5804764630649634,52,A
8598,-0.5965823317362122,63,A
8599,0.0399559102461622,93,A
8600,0.7234197148010959,35,C
8601,0.6558908236441835,73,C
8602,1.3229484547696462,89,C
8603,0.9729772417906865,26,C
8604,-1.3217457930736136,86,A
8605,0.9320070190444136,52,C
8606,-1.2634014943774654,60,A
8607,-1.22163191536814,91,C
8608,-2.218012954642239,85,B
8609,0.0608126167345954,77,B
8610,-0.6669015874955567,69,B
8611,-0.0333893883766913,28,A
8612,0.3696450695894753,43,A
8613,1.529997138812098,43,A
8614,-0.5375224057656594,28,C
8615,1.1337069322586195,96,A
8616,-0.5887159339415818,25,C
8617,-0.787332803079262,98,C
8618,-0.7004750380446669,68,C
8619,-1.0744892547091165,78,B
8620,1.455249730495389,78,B
8621,-0.2023142095727447,83,B
8622,-0.7076732653681633,81,A
8623,-1.975040301568899,45,C
8624,-2.2399664829458663,9,C
8625,-1.088132575335793,83,B
8626,1.854117505400641,29,C
8627,1.2806407349309692,79,A
8628,1.1451974770654143,51,A
8629,-0.1414485934803453,47,A
8630,-1.3390631726425208,52,B
8631,-0.6406256269661403,48,C
8632,-0.3255405135949968,38,A
8633,-2.4950188373984443,6,A
8634,0.8536524630346835,2,B
8635,2.3710312259818345,51,C
8636,1.2909237046533537,34,B
8637,-1.6144149313053693,86,C
8638,1.6866207652250864,55,B
8639,-0.0622462749899809,31,A
8640,-0.7340076469687767,81,A
8641,-0.1449466452935305,72,C
8642,-0.1183498189063222,77,A
8643,-0.4963660227723322,38,B
8644,-0.9660769331403788,28,A
8645,-0.3509787523813863,84,C
8646,1.3586926557829662,38,B
8647,-1.6844854146325432,45,C
8648,-1.53977057091268,91,B
8649,1.01810818060474,16,B
8650,-1.0392939431599406,50,B
8651,0.8242641258728602,5,C
8652,0.6532205600476815,87,B
8653,0.0033014898628201,21,C
8654,0.0653532740364679,35,B
8655,-0.0197410704020673,4,A
8656,2.510773075788024,23,A
8657,0.4609285996165436,95,B
8658,-0.4361277858131462,66,B
8659,0.7232031928765597,90,C
8660,-0.6021207866514052,19,A
8661,-1.7759138781847796,36,A
8662,-1.4193506288002615,25,B
8663,1.0488756859063086,80,A
8664,-0.2004367687199789,91,A
8665,0.0748761260678344,35,A
8666,-1.188412002655311,14,A
8667,0.1106219770637732,6,C
8668,-0.6198526006769848,90,C
8669,-0.8866932961995663,51,A
8670,0.0376663915506972,45,B
8671,-0.773843871875588,10,C
8672,1.3524816360529968,11,B
8673,0.2153770538041672,32,A
8674,1.310912324353698,65,A
8675,-1.600905853964658,37,A
8676,-1.3403201845018382,43,B
8677,-0.034643971409204,5,B
8678,1.4809165522580148,17,B
8679,2.2346990574517966,47,A
8680,2.5713054828452635,52,C
8681,-0.9369681619757736,29,B
8682,1.6055913682269076,82,C
8683,1.1574206390035182,1,B
8684,1.7196193659238408,34,A
8685,1.020557979156837,19,C
8686,0.7861940632707909,36,B
8687,-0.7537030444362759,73,C
8688,-0.1119657131203846,69,A
8689,0.0990247408761297,82,C
8690,0.4323879995474592,12,A
8691,0.0852758251319781,81,B
8692,-0.0991137963607879,6,A
8693,0.6214472073733146,85,C
8694,-0.7787191066903701,29,A
8695,-2.040863571865409,2,C
8696,-0.7676092198201345,25,A
8697,-0.2517931001140644,8,C
8698,-0.7972003489188612,43,A
8699,-1.05952703343571,70,C
8700,-0.2839310776288823,73,C
8701,0.6713657890055356,10,C
8702,2.0766760993962796,54,C
8703,0.9366741612208528,23,B
8704,1.1715694617766927,36,C
8705,-0.9861767040182898,67,C
8706,0.210723260613161,28,C
8707,0.4884520545892158,64,B
8708,0.7659109406266964,97,C
8709,0.2219939990225131,84,B
8710,-0.791112229255648,48,A
8711,-0.6423430200914972,6,C
8712,0.3033480162235398,78,C
8713,-0.8606162495523444,28,C
8714,-1.2832960460209588,48,C
8715,0.715723617134947,65,A
8716,-0.9271899342592026,47,A
8717,-0.1203234805642071,62,B
8718,-0.1070383501910647,7,A
8719,0.5804309976965104,88,A
8720,1.5980372694298333,73,B
8721,1.345962758515307,69,A
8722,-0.4456061530200065,48,C
8723,0.6125426662356359,8,A
8724,0.3645143461357986,28,B
8725,-1.0649488021043227,78,C
8726,-0.0832507203025905,70,B
8727,-0.6763797824352841,57,C
8728,-0.6759663498790567,32,C
8729,-0.6266876861866276,28,B
8730,0.4693373110134494,73,A
8731,1.3787036357251323,53,C
8732,0.966494602095494,18,C
8733,0.4520094404241073,91,C
8734,0.4973518756291006,80,C
8735,1.2397454936282783,39,A
8736,-0.1724362955502376,61,B
8737,0.4077448495804064,34,B
8738,1.2090234538852405,44,B
8739,-1.2237853614394718,29,B
8740,-0.76151469323888,68,A
8741,1.8189529687335495,20,C
8742,0.3470869538929615,15,B
8743,0.0315406327399027,95,C
8744,0.0065238975930058,76,C
8745,-0.1065100640653523,91,B
8746,-0.1906894274310273,88,B
8747,0.8779797821904938,26,A
8748,0.4225574711228603,60,A
8749,-0.2583829941868079,71,A
8750,-0.18802080522716,84,C
8751,-0.8355809094189413,66,B
8752,-0.0885544132598741,87,B
8753,0.9159228142813788,31,A
8754,1.5137634133192752,65,A
8755,0.3071857901961516,84,B
8756,-0.8970974090880871,3,B
8757,1.1419037909675314,24,B
8758,-0.4289074233809261,22,A
8759,-0.4441626826523664,53,B
8760,-0.157376266453927,61,B
8761,2.033229815575402,68,C
8762,1.3101178264610531,24,C
8763,0.3801530185710298,84,C
8764,-0.2756712923173266,44,A
8765,1.476103954230051,49,A
8766,1.5175113753366185,80,A
8767,2.72979704550185,61,C
8768,-0.7802337194333473,22,A
8769,-0.3887631582880771,96,B
8770,0.3706567224099885,62,A
8771,-0.8774065144403624,29,C
8772,0.2867385556765092,61,A
8773,1.6111289223121168,38,C
8774,-0.112560821094375,62,B
8775,0.3126098735355876,89,C
8776,-0.9655037593225456,57,C
8777,-0.1536398905090007,73,A
8778,-1.348344417923573,94,C
8779,1.3574447753558774,61,A
8780,-1.4694502552398363,95,A
8781,1.1164813737702155,10,B
8782,1.8334034157188293,99,C
8783,1.648099387523063,89,C
8784,-0.1333954359964209,22,C
8785,-0.1938789987370115,79,A
8786,-0.4764923420877909,51,B
8787,0.2424540132354588,40,C
8788,0.8314956215907282,17,B
8789,-0.2739945775591993,99,A
8790,-0.0176124068917472,64,C
8791,-2.862934853668037,24,A
8792,2.759965013953688,6,C
8793,0.2601819091996173,9,A
8794,-1.054687070522788,99,A
8795,-1.6653587227321551,91,A
8796,0.269535690999944,11,B
8797,0.3205258966993639,44,C
8798,-0.798668449550555,66,C
8799,0.3202929448703843,7,A
8800,-0.6238732370390627,29,C
8801,-0.3588546105934159,51,C
8802,-0.3468305641713213,44,C
8803,0.0779249548576119,6,C
8804,0.4673570224702013,99,A
8805,0.7074683626965,57,C
8806,1.1962254000434105,70,A
8807,-0.9987841349883638,42,C
8808,-0.331613236017279,63,B
8809,0.3612488904606441,36,A
8810,0.54328253846586,81,B
8811,-0.1291086826686739,17,A
8812,-0.4643673114617968,24,B
8813,1.301939215174515,28,A
8814,-0.5684317760737608,13,A
8815,-1.5903111246981856,52,B
8816,-0.6748025048785864,7,A
8817,-0.5964855998589483,30,A
8818,0.1771013984914316,19,C
8819,-2.327314382341116,85,C
8820,0.2885156364110277,39,C
8821,-1.3191537179136843,57,B
8822,0.0470351158055915,91,B
8823,-1.213243707276806,78,A
8824,-0.0006766071700516,82,A
8825,-0.5531706192139958,63,C
8826,0.3549557265813932,57,C
8827,-0.356877179808648,64,A
8828,-0.5396914901968759,45,B
8829,2.04199620218927,14,B
8830,0.4927247698855848,15,B
8831,0.3136545170499142,92,A
8832,-0.0196768399219877,24,C
8833,0.0769023747910662,86,B
8834,-0.5780547558550867,74,C
8835,0.9722602025616331,50,C
8836,-0.1154375678579316,61,C
8837,-0.890134188816184,53,B
8838,0.7591890552209578,64,C
8839,-0.2571355352014112,24,C
8840,-1.4661455927317617,85,B
8841,0.943266528422412,15,C
8842,0.6685012774685226,46,C
8843,0.7397179548536646,52,C
8844,-1.4844674076383475,96,C
8845,-0.5241319207914302,60,B
8846,-0.1371690850588545,96,B
8847,2.1580177477506437,48,C
8848,1.6113808876607336,26,C
8849,-0.7467611463386062,37,A
8850,-1.3254467049156209,80,C
8851,-1.2557961864412528,86,B
8852,2.329964658998705,57,A
8853,0.3036296665151313,28,B
8854,-0.107147914421364,79,A
8855,-1.9264343316562151,57,A
8856,-0.1483010886763508,27,C
8857,-0.6575697572518517,26,B
8858,-1.5875606475722164,78,C
8859,0.7525030426339253,50,A
8860,1.1774854345625263,68,B
8861,0.9960574389665398,16,C
8862,-0.3510675413401838,54,C
8863,0.2108865205099541,98,A
8864,-1.1797881490493611,18,C
8865,-0.2974709648403821,24,A
8866,-0.3111099563212867,71,A
8867,-0.5823940619447905,45,A
8868,-0.3993737542298143,20,A
8869,1.338512549798983,5,A
8870,-0.0978660250994545,86,A
8871,-1.817076070589875,65,C
8872,0.6224961371362868,55,C
8873,-1.0446613503866498,34,A
8874,0.0288524689475087,62,C
8875,-0.2673830972975397,87,A
8876,0.5253864982442558,78,C
8877,-0.9747562204456548,95,A
8878,-0.2553986016324074,39,B
8879,-0.935375984110028,41,B
8880,0.0445893308649128,66,B
8881,-0.3842675447150696,1,A
8882,-1.206592867170429,84,B
8883,-0.4520530641676692,88,B
8884,-1.1983090759852566,15,A
8885,2.4946577302104056,62,B
8886,-0.8831382327431384,26,B
8887,-0.6378410238879451,16,B
8888,-0.3072549340607269,51,C
8889,-0.9851844461214752,4,A
8890,-0.3531296933180285,75,A
8891,-0.978019156627574,19,B
8892,1.66859602102761,47,B
8893,-0.2781450707581647,5,C
8894,-0.0534552658380743,51,C
8895,1.8064567374330187,74,B
8896,1.048235869614995,97,B
8897,0.5390385168679418,79,B
8898,-0.7728580578106181,41,B
8899,-1.198065421458081,93,A
8900,-1.6273195248701746,30,A
8901,-0.6339400341783268,36,B
8902,-2.1103257717637587,83,C
8903,0.9888207285926048,75,A
8904,0.069669929269466,1,B
8905,-1.6106257194650733,78,B
8906,0.8183002618282097,59,B
8907,-1.7596005342919077,85,C
8908,-0.5616336961028195,86,C
8909,2.473751995070895,56,A
8910,-0.1768438786263167,44,A
8911,0.2167973353400004,31,C
8912,-0.7620637311898993,90,C
8913,-1.4970719060576034,99,B
8914,-1.4841233048148397,25,B
8915,0.3356197965627327,67,A
8916,-0.5418460889596382,40,B
8917,-0.8523823552637386,24,B
8918,-0.2732352533748601,69,C
8919,-0.0948599752899072,62,C
8920,0.5465772946043737,61,C
8921,0.4738084412078624,54,A
8922,0.1550371346456033,57,A
8923,-0.8806860051573651,16,A
8924,-0.8469543772096206,37,B
8925,-1.038214743596061,43,A
8926,0.9271745387002164,21,B
8927,-1.304858047240145,16,C
8928,0.8008007724211488,96,C
8929,-2.1002654819649265,90,C
8930,1.6524143794323842,90,C
8931,0.2537425696363922,27,C
8932,-0.8178016689731077,90,C
8933,0.4885079005703279,84,C
8934,-1.9853219750230404,86,A
8935,0.1667413336791683,99,C
8936,-1.7822472698867673,67,C
8937,0.6848068059236978,20,A
8938,-0.9209779405102388,44,A
8939,0.7812830122323066,48,B
8940,1.2798673295750989,27,C
8941,1.5345458199165272,8,A
8942,-0.0160480754217442,16,B
8943,1.6372366645293173,19,C
8944,-0.7689066455049115,59,B
8945,0.3741052123551286,29,A
8946,-1.1091043663266336,52,C
8947,0.8675114916373761,23,B
8948,0.7196126962567451,64,A
8949,-0.6384914306189656,8,C
8950,-2.0312079043474607,72,B
8951,1.0067307292801042,32,B
8952,-0.6568222619676561,65,A
8953,1.4848791039978084,91,A
8954,-1.0753671959436504,26,A
8955,-0.7140843193996025,24,C
8956,-0.3855171695461135,96,A
8957,-0.0181889122341809,65,A
8958,-0.457377922845494,3,A
8959,-0.4079467873018956,1,C
8960,-0.3850649695556437,58,B
8961,-2.355563526490249,31,A
8962,0.2215497940996997,56,A
8963,0.5294329526304095,26,A
8964,-0.2605891326772184,77,A
8965,0.8517034230204936,57,A
8966,-0.4781522396154362,59,C
8967,1.0377637027553244,39,B
8968,0.775524430870104,42,A
8969,2.496441716841702,52,A
8970,0.5790507453217414,17,C
8971,-2.811639166298136,18,B
8972,1.1535205209496164,86,A
8973,-0.0828124408677206,26,B
8974,-0.901092981145806,67,A
8975,-1.7268165613386,17,C
8976,-0.5290587104453565,2,B
8977,0.5088121243832096,67,C
8978,-1.529732754189707,31,C
8979,-1.9250361127009303,84,A
8980,0.1906480837425791,3,A
8981,1.5835841813677989,82,A
8982,-0.2416227124667584,53,B
8983,0.5565440900035024,16,C
8984,0.7920302388428047,56,B
8985,-1.2815083835824717,37,B
8986,1.1546430224222468,82,A
8987,1.1165382680747933,94,C
8988,0.6085902460982371,29,A
8989,-0.5899907967811662,11,B
8990,1.3524515008956333,74,C
8991,0.3561094930492369,9,C
8992,-0.6802162968121939,7,A
8993,-0.5058252596768367,79,B
8994,0.393395853841082,5,C
8995,-1.183915034979484,36,A
8996,0.3562724672636951,33,C
8997,0.9162143184264244,53,A
8998,0.880847503997098,80,C
8999,2.1000728739702437,90,A
9000,1.2391205622608976,11,A
9001,1.401332148535146,48,C
9002,-0.1095409333528467,36,A
9003,0.2755401531794628,17,B
9004,1.0940870922670358,14,B
9005,-0.48115217461451,1,B
9006,-1.8333938224832735,7,C
9007,0.1826064595348786,58,A
9008,0.2759881043994636,35,A
9009,-0.2742744562119583,30,B
9010,0.0912397216370287,42,C
9011,-0.3609018177460935,58,C
9012,0.2092877373859951,20,B
9013,-2.030774053255223,52,C
9014,-0.8427043759291142,79,B
9015,1.146513274864166,52,B
9016,1.9027297531795015,99,C
9017,-0.5713322923431986,91,C
9018,0.8531990182013753,56,B
9019,0.1373065536205494,86,A
9020,0.8588016851287481,6,C
9021,1.4399727581649977,83,A
9022,0.446607567076654,32,C
9023,0.4057846987838,79,A
9024,1.7911043616018714,32,C
9025,-0.1448854734596322,50,B
9026,-0.5880352906718849,79,A
9027,0.3661742475208324,56,B
9028,-1.3764024183789665,3,A
9029,0.8013580347507266,68,A
9030,0.3082681381954159,60,C
9031,-0.0202028714023931,77,B
9032,0.5573136488955281,7,B
9033,-1.144946245037489,5,A
9034,-0.7400835302618983,41,B
9035,0.9722683116396192,35,A
9036,1.284309309485417,17,C
9037,2.1817451356273674,82,B
9038,0.8217331894387455,6,A
9039,0.9759313385583774,69,A
9040,0.5689730237715114,91,C
9041,0.847416512867293,79,C
9042,-0.6075264627472615,93,A
9043,0.2498473121737325,30,B
9044,0.0955565920412152,20,B
9045,-0.6882471602291742,78,C
9046,-0.1845958877764301,80,B
9047,0.7391277019029167,51,A
9048,-0.6132140022282508,13,C
9049,-0.084045165849196,1,A
9050,1.9105424422311463,71,A
9051,-0.03619262521899,35,C
9052,-0.621757595683958,89,B
9053,1.7151787682544095,81,A
9054,-1.917347166919421,74,C
9055,1.0220996530296251,2,B
9056,0.7119213456396873,4,B
9057,1.8161080017218711,95,B
9058,2.0459739172567204,30,A
9059,0.0412843373122125,76,C
9060,1.8982973719807992,18,B
9061,-0.5246469790846643,91,A
9062,0.6440560417682231,17,A
9063,1.763419813186022,77,A
9064,-0.3438819954346918,1,A
9065,0.5398970154333593,12,A
9066,-0.5427357291914487,13,B
9067,0.694493337169137,38,B
9068,-0.3187897246077298,31,A
9069,-0.6138085577539683,99,B
9070,0.5870425076782715,2,C
9071,0.9811876583736135,23,C
9072,-0.538412911454344,15,C
9073,0.8201100654765571,23,B
9074,-0.910605905981116,3,B
9075,0.3480309517468935,68,C
9076,1.7086909636086731,75,B
9077,-1.5412791589650003,29,C
9078,-1.4508683736927657,5,A
9079,2.0418670877224097,58,B
9080,0.5356681022976154,51,A
9081,-1.0625620755400358,18,A
9082,-1.0371970887468778,10,A
9083,-0.9795430400421312,24,C
9084,0.7331751672826249,87,B
9085,-0.7146818656323903,81,B
9086,-1.3469498652786316,26,C
9087,1.3537375831714211,11,C
9088,0.5285008986307241,35,A
9089,0.0269785011166774,10,A
9090,-0.2657922438724623,42,C
9091,-0.4662625699915251,33,C
9092,-0.2597515526512736,41,B
9093,0.6442561334486205,98,C
9094,-0.4956766679626195,22,B
9095,-0.6659989886865131,74,A
9096,0.0684658963692815,93,C
9097,-0.7484558904233949,55,A
9098,0.0859937851823888,15,B
9099,-1.365779072980263,56,B
9100,-1.1157815971176086,63,A
9101,-0.2092539196953217,19,A
9102,0.4783957914373407,94,B
9103,2.2379696643171783,26,C
9104,1.0176999598955598,42,B
9105,0.8053789314130673,82,A
9106,0.4222181992976025,24,B
9107,-0.5488155048239862,40,B
9108,-0.6993883326808156,90,A
9109,0.4082894296370478,57,B
9110,0.004169468910766,14,A
9111,-0.5888961561838714,20,C
9112,-0.3562395246085086,50,B
9113,-0.0551865980905614,30,A
9114,0.2485679745536992,90,C
9115,0.5752193545620178,18,B
9116,0.8344594849722405,27,A
9117,1.2642564406865862,16,C
9118,1.516724523388605,75,C
9119,0.6513619854035816,84,B
9120,0.4851012727703617,69,B
9121,-0.1129277707851176,4,B
9122,0.6232521170931284,89,B
9123,-2.3655920270114112,21,B
9124,0.095503280976822,75,A
9125,1.274889466485586,16,A
9126,-1.9026919721822544,70,B
9127,0.078732049694089,15,A
9128,-1.2373195671056316,7,C
9129,-0.3648201453823261,20,B
9130,1.2293340024410346,81,C
9131,-0.098625766506337,6,A
9132,-2.204211068808232,85,C
9133,1.7570615920625603,14,C
9134,0.6319360597424033,32,C
9135,-0.3993652553695224,90,B
9136,-0.2544314922959816,58,A
9137,0.6745121158542129,95,B
9138,-0.687815293200055,3,B
9139,-0.6570170122753977,21,A
9140,0.2024936307502801,89,A
9141,-1.7559916947288703,37,C
9142,-1.0081587546316335,59,C
9143,0.8856072767405957,21,B
9144,0.3095518098389177,39,B
9145,0.3771236822563852,93,A
9146,-0.5117222967107697,59,A
9147,0.7016724441179019,17,C
9148,1.0118380700719554,93,A
9149,-0.692251311879036,30,B
9150,0.2809678212452924,43,A
9151,-0.0278439291023465,80,A
9152,-0.4969801828815315,84,B
9153,1.0188633886587075,20,C
9154,0.8861675629988699,13,B
9155,-0.4722764543530424,83,A
9156,-0.994402417721589,72,C
9157,0.1260737648347452,19,A
9158,0.4059373612421412,56,B
9159,-0.3515883256889573,91,B
9160,1.3588839781744169,49,C
9161,1.211592328483613,65,A
9162,1.8796348990031668,38,A
9163,0.8554178580683232,54,C
9164,0.2976437737550224,35,B
9165,1.4295530913541448,36,C
9166,-0.4055814419208915,27,C
9167,-0.2068484977638658,70,A
9168,-0.5583360391848459,98,C
9169,-1.0179260214551271,59,A
9170,0.5044685724134423,86,C
9171,0.8170976868643959,43,C
9172,-1.4675249498497875,14,C
9173,-1.713765648133021,76,C
9174,0.0812735284935714,3,C
9175,0.6195444340840502,57,B
9176,0.1780057134689029,37,C
9177,-0.6990228135390382,47,B
9178,0.1811328571367853,42,A
9179,-0.5181413732882605,47,C
9180,-1.3111581049866492,93,A
9181,-0.1461909992528016,3,B
9182,-1.6739071123839293,27,A
9183,-1.9983526123594963,76,B
9184,-0.667458122691916,77,A
9185,1.1481772082940256,96,C
9186,0.2223071680136253,84,C
9187,0.7051964352972321,53,B
9188,-2.0348879589979045,4,C
9189,-1.347904519864933,53,A
9190,-1.6596523655364952,9,A
9191,-0.8465761984987957,14,C
9192,-0.0015793581076721,84,C
9193,-0.4658711125076598,50,A
9194,-0.1680327561709911,94,A
9195,1.24123157675594,41,A
9196,-0.2237545213121341,24,C
9197,-1.900135327307831,74,B
9198,0.147260911992228,31,A
9199,-0.4504397252351838,27,B
9200,-0.315674818533782,49,C
9201,0.101791710883354,36,C
9202,1.3688270229375656,5,C
9203,-0.0945140247472145,1,A
9204,2.329999616315702,77,C
9205,-0.3439650993184387,19,A
9206,0.3120930484474466,94,C
9207,0.0931634055304446,66,B
9208,0.5266142309578437,79,C
9209,0.078615490690535,33,C
9210,-0.0900345119598157,27,A
9211,-0.4610185561198118,83,B
9212,1.4501276742548852,15,B
9213,-1.9204367094987844,31,B
9214,0.7806956534674031,32,B
9215,-0.9321076025348876,1,B
9216,1.8161056154712691,14,B
9217,1.5080187308020678,73,A
9218,0.1700424436329401,13,A
9219,-0.9432247017848244,69,B
9220,2.044477060557339,35,A
9221,0.6709900784710373,56,A
9222,-1.1715626209171277,37,A
9223,0.1271276121630211,73,A
9224,-1.5435471929985072,56,C
9225,0.7884799257494552,46,A
9226,0.0878311366058209,86,C
9227,-0.3060017890291711,83,B
9228,0.0206464366568523,69,B
9229,0.7272223991736922,98,A
9230,-0.7491806048546181,59,A
9231,-1.1669799936910916,33,C
9232,-1.5637841843455162,85,A
9233,-1.2801720804536578,17,B
9234,-1.940888161805617,71,B
9235,0.0124427622937396,81,B
9236,-1.3123935286146116,74,A
9237,1.2099741547865477,66,A
9238,1.7142053485170268,11,A
9239,1.003576128758076,77,C
9240,-0.8209966959984111,92,B
9241,0.2154918124233742,49,C
9242,0.7993498429206912,10,A
9243,0.1227485603546801,41,C
9244,1.3828516035445253,97,A
9245,-0.2222414128615554,26,A
9246,2.350561721826992,36,B
9247,-1.0106704328337732,16,A
9248,1.6180727885001795,17,B
9249,-0.8546930929631279,59,A
9250,-0.8513386374059356,13,C
9251,-2.228447734112637,40,C
9252,-0.767692692640078,35,C
9253,-0.7872578213073245,97,A
9254,-0.7985930206636399,1,B
9255,-0.087503135772834,80,A
9256,1.045665309257075,63,C
9257,-0.6329164826454563,60,B
9258,-0.7055538401240995,95,C
9259,-0.1830404655987502,15,C
9260,0.4468235466483061,30,B
9261,2.2914427151064625,77,B
9262,-0.3176764254036512,88,C
9263,1.1197446999070155,25,B
9264,0.5773903046136213,18,B
9265,1.7521324305198107,84,A
9266,0.973460404262675,34,A
9267,-0.2098327690529851,29,A
9268,0.0688979885940941,68,C
9269,0.284296741721782,32,C
9270,-0.1812437670358496,9,B
9271,0.0024526466081069,98,B
9272,1.5142633551586968,54,C
9273,1.469579802478144,53,C
9274,1.5724123178408351,89,A
9275,0.1119576099534061,61,B
9276,1.1354858179165137,93,B
9277,-0.1515421403811672,52,A
9278,0.4818506548643094,63,C
9279,-0.1499539227024669,88,B
9280,-0.3227005340324143,31,B
9281,2.261168269375163,37,C
9282,-0.178334425080658,86,C
9283,-1.6435235284510366,41,B
9284,1.3853053837755034,20,B
9285,-0.5881452413095789,5,A
9286,-1.104229974330997,40,C
9287,-0.2224708764134624,50,C
9288,-0.4309564899130541,66,B
9289,0.0745171962310699,50,A
9290,-1.5550253208853004,40,C
9291,-1.4468730751464094,14,B
9292,0.9340457564201295,75,A
9293,-0.050072714976855,75,A
9294,0.7955899592436846,61,B
9295,1.458281741959696,33,B
9296,-0.9792573698799744,81,A
9297,-0.5365920114699059,39,A
9298,-0.7768021220207981,39,A
9299,0.8136426856559288,20,A
9300,-0.0390847734441698,65,C
9301,1.2663476340567057,37,A
9302,0.916656944285556,90,B
9303,-0.9025802384148806,13,C
9304,-1.3589525879309694,28,C
9305,-0.0169175936966096,57,B
9306,-0.0748127467379609,8,C
9307,1.6785579299671505,53,C
9308,0.1398454787651765,86,A
9309,0.948414657456738,80,C
9310,2.4211873902824608,8,A
9311,0.4094963022363092,2,C
9312,0.3563512372145108,22,C
9313,-1.313401807601884,4,A
9314,0.7717160305724542,1,A
9315,-0.5763706717416902,15,A
9316,0.6874298867144886,52,A
9317,0.2753551672184661,75,B
9318,-0.0895229925011635,11,B
9319,1.0809282096709694,18,C
9320,-0.1279038640521654,28,A
9321,-1.0459216545425605,16,C
9322,-1.190159951104701,46,A
9323,1.7121095244716455,30,C
9324,0.0594973852988136,30,C
9325,1.336006255251309,10,C
9326,0.5366488208121166,26,B
9327,-0.8611668360873611,62,B
9328,0.2322647990339953,67,A
9329,-0.6464497504754078,48,A
9330,-1.23844125893634,22,B
9331,0.278364941587151,29,A
9332,2.4568935448120586,31,C
9333,1.5942937383570028,90,A
9334,0.6370717936925983,97,A
9335,-1.0222964106085703,26,A
9336,-0.8750141629172722,66,A
9337,0.5392669841027417,76,B
9338,0.2234787079720492,61,C
9339,-0.1678320065474254,56,A
9340,0.6872326591917657,71,C
9341,0.2467253930161081,25,A
9342,-0.1327024116070926,85,A
9343,0.0425989980660724,92,B
9344,0.9793134998373474,76,B
9345,-0.7220249973866447,95,C
9346,-0.8997123756678219,41,A
9347,-0.1718392391384487,5,B
9348,-1.6028374079968737,5,B
9349,0.9276278907584254,83,C
9350,-0.2252551949463697,96,C
9351,-0.026101013376672,62,A
9352,1.9337582777246205,88,A
9353,-0.146538218157273,9,C
9354,-0.2872197350063704,35,C
9355,-0.9808050406847856,29,C
9356,0.0970557864545724,41,C
9357,0.8825700047262363,33,C
9358,-0.847282480534861,7,B
9359,0.5895761659530457,12,A
9360,-0.3881895247249333,12,C
9361,0.0155732906509499,6,B
9362,-1.8636674564105944,94,C
9363,0.7057248948140484,60,B
9364,0.1538457025291835,40,B
9365,0.5286982483363246,29,B
9366,-1.5530983694621334,46,C
9367,0.4953930167732947,45,C
9368,-0.3084268604605364,99,B
9369,2.108132937962342,59,B
9370,-0.0845202254398658,60,B
9371,-0.351048755181,38,A
9372,-1.3612687653310198,87,C
9373,0.3653844247278023,30,C
9374,-1.7581093362486315,59,A
9375,0.9890836212151928,27,A
9376,-0.5807219539500726,55,C
9377,0.1750979902870016,20,C
9378,0.2609751499028945,90,A
9379,-0.0204507542500271,62,C
9380,-1.6106749869120998,19,A
9381,-0.3268586973522107,7,A
9382,1.706984198342108,99,B
9383,-0.2818293454913899,64,B
9384,-1.4902174544623688,11,C
9385,1.2455615690168156,64,C
9386,-0.2854296424413753,95,A
9387,-1.8134342414615656,86,A
9388,-0.2726706905336439,83,B
9389,-0.3100640320730772,38,A
9390,1.071457556989812,25,C
9391,1.0694409215645024,14,A
9392,-0.8743396517532657,4,B
9393,1.2078618963821568,39,C
9394,1.3418008608814012,86,C
9395,-0.838678198349619,1,B
9396,0.1525989175512616,80,A
9397,0.502736956453714,2,C
9398,0.3939614173539499,80,A
9399,-0.2578587364630266,6,B
9400,-1.9863981998643856,8,C
9401,0.6185018770082032,80,B
9402,-0.1904414473425768,64,A
9403,1.210263043066889,53,B
9404,-0.3221752631430902,96,B
9405,2.1396077684367785,75,B
9406,-0.2461543879235379,32,A
9407,0.4540994142355891,95,C
9408,0.8670100709488792,56,C
9409,1.2267707214516064,18,B
9410,0.2627669819755004,54,A
9411,-1.349861828336728,12,C
9412,1.545432247473417,95,C
9413,0.2886681465666419,91,C
9414,-1.410980103681571,92,C
9415,-0.5390460084255758,10,B
9416,-0.2149088497603362,60,B
9417,1.0450611650424,79,C
9418,0.1038282378097872,66,B
9419,0.6530834220414984,30,A
9420,0.4860361210026174,4,B
9421,0.3965799734703003,8,C
9422,0.118250401325379,37,B
9423,-1.0589622487692023,88,B
9424,-0.7466978007415686,80,A
9425,1.2561851957968608,83,B
9426,-0.5361538238044998,95,B
9427,-0.9882645945028184,86,B
9428,0.0283336757852211,80,C
9429,0.0461333285219984,71,B
9430,-1.1320616183530037,23,A
9431,-0.0287500106923012,43,C
9432,0.1590339194170978,89,B
9433,-1.220774615132809,83,B
9434,0.9623500931196102,86,C
9435,-0.6912158943019096,69,B
9436,0.2761030089579963,11,C
9437,0.0105165564394365,65,A
9438,-0.0044674558079837,50,C
9439,-0.2710243303467859,66,B
9440,-1.5197560483794403,24,C
9441,0.9006454437408208,74,A
9442,-0.4365523346119201,86,A
9443,-0.2162652538173353,7,C
9444,-1.1010101317024668,3,B
9445,-0.2655910189371142,99,B
9446,-0.2337759802429183,9,B
9447,0.1665102838600571,1,C
9448,0.0369984280717347,23,C
9449,-0.856201127348027,37,C
9450,0.1847266136377054,12,C
9451,0.9272547153909184,74,B
9452,-0.5251476377791683,37,A
9453,0.5310246660987374,71,A
9454,0.8949355546594582,6,B
9455,0.8786057138615682,80,B
9456,-1.0427223865680617,96,B
9457,-0.4911416408814078,66,C
9458,-1.4739961890446582,23,A
9459,-0.9919357348328685,42,C
9460,-0.5351860645144829,71,B
9461,-1.2872593798426142,86,B
9462,-0.3599047642257518,29,C
9463,-1.1366324466182165,75,A
9464,-0.946950652930421,19,A
9465,0.6018722879936748,83,B
9466,-0.5476879717199357,10,B
9467,-1.099030860476903,38,A
9468,-0.3534958399148972,52,B
9469,0.0450667811627681,90,C
9470,-0.1962900357690685,89,A
9471,0.4699470652310638,5,B
9472,0.0545339855491264,93,B
9473,-0.345501804655741,48,B
9474,-0.5311036492740191,73,B
9475,-0.2730140368016192,51,C
9476,2.3154930196174113,17,A
9477,-0.5896202507553869,18,B
9478,-0.0016359493550955,68,A
9479,-0.8430251819808604,12,B
9480,0.8599037380661164,56,A
9481,0.2005580875563925,11,A
9482,-2.0020277365080243,59,B
9483,-0.4524207566201335,4,C
9484,-1.3632377583070336,36,A
9485,0.582975022045515,53,A
9486,-1.895839243028877,2,A
9487,1.9283090519942976,70,A
9488,0.4731828373079059,85,C
9489,1.1207422549919277,71,B
9490,-1.4195804890202346,63,A
9491,0.9494837164440746,9,A
9492,-1.75320014579121,41,A
9493,1.7424628185512072,46,B
9494,1.2706690406242034,41,B
9495,1.2229168727474242,22,A
9496,1.390606156528209,81,B
9497,0.6940696104270142,98,C
9498,1.378960932819796,5,A
9499,1.5332453430740631,71,C
9500,-0.1228608015746562,87,A
9501,0.1926679203674822,60,A
9502,0.6316333567252941,84,C
9503,0.3188592266848461,90,C
9504,-0.8339737213219559,54,B
9505,0.209748875977248,20,A
9506,-1.0393470928551003,11,B
9507,0.8057931130289,62,C
9508,1.4690097567414884,7,A
9509,0.1653599831278973,66,A
9510,1.3245885918367435,46,C
9511,-0.6557495156311651,35,A
9512,0.2367402236622552,77,B
9513,0.4567437247701403,82,C
9514,-0.2109001760547182,34,A
9515,-0.4477424572224402,89,A
9516,0.947067488671889,12,C
9517,0.3539197013603341,30,A
9518,-1.1084739756619235,53,C
9519,-0.2352119804460707,15,A
9520,-0.5863648440271537,83,A
9521,-1.1382973993057337,45,C
9522,0.9282193878145872,24,A
9523,0.319049624012151,34,C
9524,1.078043054664903,96,B
9525,1.234590314045385,5,C
9526,-1.8672611843928784,4,C
9527,0.1102061746316598,8,A
9528,0.2557470996502597,92,C
9529,-0.5924370258175676,33,A
9530,1.520611506783325,14,B
9531,-1.4750171184711895,4,B
9532,0.1063078884270528,10,A
9533,1.2212138948909084,25,B
9534,-0.6285932726660366,93,C
9535,0.1761717947762456,5,A
9536,-1.0701917884211936,87,A
9537,2.1501156507002683,3,B
9538,1.3277930127019972,28,A
9539,-0.5651239299945956,5,A
9540,-0.4467849714498062,45,B
9541,-0.0419928662475004,35,C
9542,-1.1913198155251594,18,A
9543,-1.2501530688551308,56,C
9544,-0.4765724212598697,81,A
9545,0.1931288416395769,6,B
9546,2.8797351014628556,25,C
9547,-0.5061287395854868,70,B
9548,-0.089990061611631,27,C
9549,1.531074475459988,64,B
9550,0.3605799557255573,5,B
9551,1.1732085961650776,92,A
9552,0.130848431810691,41,A
9553,0.4660119520871303,80,A
9554,1.066317179733555,77,A
9555,-0.2532515626371346,6,C
9556,-1.3602443491304252,13,B
9557,-0.7617874759522666,40,A
9558,0.0800866622704037,94,A
9559,-0.582140353219738,15,B
9560,1.427473294662669,28,A
9561,0.6962666579209829,52,A
9562,-0.90145838757705,53,B
9563,0.8393508256072088,54,C
9564,2.4472336774690704,37,B
9565,0.03710706396581,57,A
9566,-0.435902216482044,45,B
9567,-0.2468234639395517,58,A
9568,-2.371340254945351,84,B
9569,0.0036170244028968,33,B
9570,-1.383742690015005,24,A
9571,-0.9095238178658928,88,A
9572,0.6028061027383562,71,C
9573,1.0738180516516354,91,A
9574,-0.1309564929205114,97,C
9575,0.1188635193993159,12,C
9576,-0.992358329496026,62,B
9577,-0.2904576746029073,19,C
9578,-1.1629715361643365,70,B
9579,-1.094960599000981,50,A
9580,0.907546379422955,19,A
9581,-0.8458144208912729,40,B
9582,1.1396017134862786,88,C
9583,0.2100869605590427,59,B
9584,0.5417576280617655,73,B
9585,-0.6195142198396952,15,C
9586,-1.030347052149994,45,C
9587,0.7619896628128893,85,C
9588,1.326069002724485,73,C
9589,-0.657703620351107,13,B
9590,1.1935650206979802,98,A
9591,-1.6256742482854998,77,C
9592,-0.9720183606023362,22,B
9593,1.042297494526378,28,A
9594,1.230835977232582,44,B
9595,0.2038833540578332,93,A
9596,1.1142646463835515,13,B
9597,-1.93450776758584,74,C
9598,-0.7569109092794621,82,B
9599,2.1138365228081453,28,A
9600,0.4115450738785577,30,A
9601,-2.9545946906078995,85,A
9602,-1.842171749460821,96,A
9603,0.2998408764367642,86,C
9604,0.3356902955261969,45,C
9605,1.2762729299203597,7,A
9606,-0.8108926223883179,47,B
9607,0.5618825648746214,99,C
9608,0.5943377496164051,84,A
9609,-0.0972176372631059,72,C
9610,-1.64976639019187,37,B
9611,-0.4385226917962884,9,B
9612,-1.6472020032280432,91,B
9613,-0.1399120334667297,29,B
9614,-1.5067175950108394,75,B
9615,1.0369150545925467,48,A
9616,-2.255748993088479,18,B
9617,0.1169506474364141,72,A
9618,1.6053335814048952,78,A
9619,1.338966578888715,45,C
9620,0.2505478558098563,46,B
9621,0.5928414485180623,13,C
9622,-1.887506568085998,36,C
9623,-1.561332803242678,46,A
9624,1.926120645306074,86,B
9625,0.1538188870989223,53,B
9626,0.619280076671705,21,A
9627,0.8587775444199803,29,A
9628,0.3639386798746936,57,A
9629,1.0666085590346304,12,B
9630,-0.1511212953926501,98,B
9631,0.2888122948456382,53,A
9632,0.907643113550078,94,A
9633,0.1172331958897751,32,A
9634,-0.8174232251614061,13,B
9635,0.2849771226172271,10,A
9636,0.5031670950409344,27,B
9637,0.8661730651071793,12,C
9638,-0.6745633490198271,53,B
9639,1.923747800951521,1,B
9640,-2.57267949689863,99,C
9641,-1.3124246129851878,85,A
9642,0.7642462334114709,38,A
9643,0.2770493084323214,46,A
9644,-2.321929880395679,22,B
9645,0.1076519973463302,48,B
9646,0.0288565958123427,60,C
9647,-1.926031209150774,52,A
9648,0.8624846321611961,32,C
9649,-0.440784149900097,7,C
9650,0.4227130086136341,86,C
9651,-1.1183952873405665,89,C
9652,0.2431797307979724,2,A
9653,-0.8447283956194352,59,B
9654,0.9551663671782528,65,B
9655,-0.224482236770528,87,C
9656,1.958404180920431,77,C
9657,0.8684071733075874,71,C
9658,-1.7085013337309929,39,A
9659,-0.8109072776542859,98,A
9660,-0.8111784937105012,52,A
9661,0.4434749802464596,15,A
9662,0.4383413352934705,53,B
9663,-0.3757266491594564,21,C
9664,-1.5617187271287691,53,B
9665,3.2689711095955887,37,C
9666,-0.3805563432633449,18,A
9667,-0.4316403205913898,15,A
9668,0.4429177163781908,74,B
9669,0.9205588046067834,41,A
9670,-0.379313257670091,87,B
9671,0.6788720292552898,38,A
9672,1.5091232363760665,84,B
9673,0.1678120313499601,43,A
9674,-0.2602382734691728,38,B
9675,0.6428682813297204,53,A
9676,-0.1125394765873283,10,B
9677,-0.0129952643716938,15,A
9678,1.1133324095665973,39,B
9679,-0.2856003835451436,15,C
9680,0.9394045367748772,28,A
9681,-0.8847617497948175,73,B
9682,0.9562756892798429,12,B
9683,0.1299710758993687,59,B
9684,0.2925617048987793,48,A
9685,-0.7198656796417431,71,A
9686,1.6258971218777851,77,A
9687,0.1297893643849141,46,C
9688,1.271033181922696,28,C
9689,-0.0537946065022467,60,B
9690,1.203766244341355,64,A
9691,-0.156285991640121,23,C
9692,0.8686389041382365,35,A
9693,-1.3682462901171093,54,A
9694,1.049635265864455,86,A
9695,-1.2615547167800178,82,A
9696,0.6281327225862486,56,B
9697,-0.517213584805494,82,A
9698,0.6332047974849961,28,B
9699,0.1301423526983565,49,A
9700,1.3597259487776825,27,C
9701,0.7186599802199435,71,A
9702,0.574593084898599,33,A
9703,-0.4650877401352018,67,A
9704,0.07549493893386,34,A
9705,0.0330632579765747,24,B
9706,-0.4190994978155163,98,A
9707,-2.292350085721027,61,C
9708,0.5728552126315813,61,C
9709,-1.334863149846327,83,A
9710,-0.4043300530740338,27,C
9711,0.7236647567363221,84,C
9712,-0.4992764471661642,78,B
9713,0.6775047395516093,62,C
9714,0.7819544164957243,90,B
9715,-1.0181817563178437,10,B
9716,0.0687536673550392,53,B
9717,0.4159767373345842,26,A
9718,-0.3809440435493286,84,C
9719,1.003703259466903,1,C
9720,1.045550094885035,8,C
9721,1.0881591026374728,12,C
9722,-0.9208122614764536,68,A
9723,-0.3588044563857521,67,C
9724,0.7158667590804391,71,B
9725,1.5656817705387576,92,B
9726,-0.4265145561900157,40,A
9727,0.2009562306285884,99,B
9728,-0.4675768698193826,4,B
9729,0.2159096547244667,49,B
9730,0.393969572081472,45,B
9731,0.8663058113762242,76,A
9732,0.172828617272258,82,B
9733,-1.5279376509805531,91,B
9734,0.4070982723405026,59,A
9735,-0.2345350886236061,15,B
9736,0.0113613156951056,46,A
9737,1.059247840067899,56,A
9738,-1.0645219069659575,23,A
9739,-1.0943401994266295,82,A
9740,-0.3876167167782129,37,A
9741,0.3516806578846188,55,C
9742,0.603194259447767,30,B
9743,-1.2360791602285035,88,B
9744,-1.793423862841731,68,B
9745,1.8107347678247936,77,A
9746,1.0488373746667932,97,C
9747,-0.5115703946915231,82,C
9748,-0.1066515408193964,3,A
9749,-1.1465754337703271,18,C
9750,0.7917670858358464,32,C
9751,0.5390370937779868,96,B
9752,-1.8747567962676956,81,A
9753,-0.1321974349387916,20,C
9754,0.8075199424967342,42,B
9755,-0.6275315331621772,44,B
9756,0.8076206318037846,97,B
9757,-0.0721025532180811,30,B
9758,0.2178475153286851,38,A
9759,0.0603837176619951,57,B
9760,0.6908545489899529,27,B
9761,-2.4892085052438313,11,A
9762,-0.79733370051523,21,B
9763,1.1281777936338184,70,A
9764,0.4890920601869672,3,A
9765,1.1469797821529644,35,B
9766,-0.8187068536434748,95,C
9767,-1.8723329838194012,38,A
9768,-0.7624854286530871,88,C
9769,1.2605285699392748,15,A
9770,-2.3282264393933416,13,B
9771,-0.2236196256599695,12,C
9772,1.5208503855228024,70,A
9773,0.0772792787226527,51,B
9774,-2.613024437134383,4,C
9775,-0.0056538866308007,40,C
9776,0.7906465345672716,74,C
9777,1.2397965250408884,98,A
9778,1.3772896934166965,10,A
9779,-1.0740074399726984,70,A
9780,-0.7927152032106644,72,C
9781,-0.3020969929619218,39,B
9782,-0.0335373661590384,38,B
9783,-0.7083965390310526,5,C
9784,0.8875428377041022,21,C
9785,0.5617274766533186,95,A
9786,-0.5533396594609651,5,B
9787,-1.4925480725286886,19,C
9788,-0.1808194926110632,26,C
9789,-0.7299623226344726,61,B
9790,-0.3921300294911465,80,B
9791,-0.098310073493565,75,C
9792,0.9104909727483308,3,C
9793,0.7620896791933374,89,A
9794,-1.531931505125225,63,B
9795,0.0366358215946033,8,C
9796,-0.2229924684734817,54,C
9797,-0.4274164170116663,20,A
9798,-0.8234897904487988,36,B
9799,-0.2179875371163781,55,A
9800,-2.072660042988625,39,A
9801,1.8370057273445892,74,B
9802,-0.3154454127493035,95,A
9803,-2.2282276597336703,91,B
9804,0.9197174822003088,71,A
9805,-1.9181574473189256,51,B
9806,-0.3026950171189176,59,C
9807,0.1720475746657342,66,A
9808,1.390899819109575,87,B
9809,-0.8908611553884067,50,C
9810,0.5750630153856177,25,B
9811,0.8366969885114764,36,A
9812,0.7912423923365868,43,A
9813,-0.7077173214053899,16,A
9814,-0.9801249576330592,53,B
9815,1.9213871775153053,6,A
9816,1.322453941318399,62,C
9817,-1.6266177010324947,88,C
9818,-0.3194029434078704,19,B
9819,-0.0884714359830445,52,C
9820,1.3462593203933222,2,C
9821,0.6398713005747658,28,A
9822,-0.38400923261901,80,C
9823,0.622952420651636,63,A
9824,-0.2156342877978888,47,B
9825,-1.3442867136977514,3,B
9826,1.1794396207209337,99,C
9827,1.2729111039430985,79,A
9828,-0.837294316488667,78,B
9829,-0.3911712266726785,86,A
9830,1.9249954038164645,40,C
9831,-0.9590084664071284,77,C
9832,0.2885458652271442,62,C
9833,0.0904086930198942,80,C
9834,0.6069452699462784,36,C
9835,0.5592361819476396,51,C
9836,-0.3346432281422682,79,C
9837,-0.7297810814821695,66,A
9838,1.819097431399042,89,C
9839,1.2687944299604157,28,A
9840,-0.3242466073824798,48,B
9841,1.1798193750389911,21,A
9842,-0.0268119112647123,47,B
9843,-2.7972241227529584,76,B
9844,0.0105582803852462,95,B
9845,-1.380370696333563,58,B
9846,-0.0059411509857227,37,A
9847,0.6035895459238138,35,A
9848,-1.229552409464337,25,A
9849,-2.71696442638805,58,C
9850,-1.0142390948505535,14,A
9851,-0.1928675815715454,3,B
9852,-1.7911219567522112,74,A
9853,-0.2294526635249508,25,A
9854,-1.213079263028651,58,A
9855,1.307856341198991,6,A
9856,-1.4522305883836155,59,B
9857,1.011809489240186,61,C
9858,1.1948405041879522,65,B
9859,-1.0314645714201385,93,C
9860,0.9481039299741788,41,C
9861,-0.7641649763239662,8,C
9862,0.3361231983582498,84,B
9863,0.677379593012999,60,A
9864,0.4429783760694902,24,C
9865,0.3339380544605459,39,C
9866,0.7992405905382358,60,B
9867,0.9869429028159938,48,B
9868,-0.9964295957852716,62,A
9869,-1.7164632769843593,1,B
9870,-1.2617786543718843,3,B
9871,-0.6326545979752477,32,C
9872,0.4213026550854739,76,C
9873,-0.9303362779053356,53,B
9874,-1.8530230383373485,17,B
9875,0.5160398189813508,82,B
9876,-0.2887299635829702,45,B
9877,-0.2435824510203587,75,B
9878,1.4336138078170924,40,B
9879,0.616999997727291,80,C
9880,-0.4877186762514909,25,C
9881,-0.8757479666044719,23,C
9882,0.4207749850742216,22,C
9883,-0.3992601245400094,19,A
9884,0.0381810873911658,76,B
9885,2.3230263299239473,38,A
9886,0.2370088418289285,71,C
9887,0.4554058878736299,4,B
9888,-0.487217162620268,36,C
9889,-0.4163229156007458,53,A
9890,-1.680693466968627,35,B
9891,2.517763969768621,26,A
9892,0.1529151952530703,41,B
9893,-0.2637607563125719,58,A
9894,1.048960384704513,56,B
9895,0.759353650716323,17,B
9896,-0.8879779579052527,99,C
9897,2.0651625573396712,2,B
9898,-0.9199566034037072,78,B
9899,1.3772049579164796,82,B
9900,0.3116921668853215,41,C
9901,0.7186630053523367,71,C
9902,0.2461410981290502,83,B
9903,1.5802244784299366,38,B
9904,-0.9105270580070852,56,C
9905,-0.44969062428705,75,A
9906,-1.6228123673666504,4,C
9907,1.1759860046295485,4,B
9908,1.5845283336285123,61,B
9909,-0.9928427775293364,51,B
9910,0.5669565992481829,35,A
9911,1.5357934544326874,7,B
9912,-1.6764523970563692,41,B
9913,-1.533451422878212,5,C
9914,0.382280281269454,83,C
9915,0.6196611175362275,10,C
9916,0.0749165525244583,64,C
9917,-0.0656783880721541,98,B
9918,-0.2021592872583194,52,A
9919,2.1758866292075463,86,C
9920,0.8305071596686533,60,C
9921,-0.0559487104998443,8,A
9922,-0.1618061416337899,82,C
9923,-0.3714203911918384,26,A
9924,0.2928034286936083,57,C
9925,0.7369832722089974,35,C
9926,-0.0148940424360805,31,A
9927,0.7180393724351664,26,B
9928,0.5182353152173366,93,A
9929,-1.9968568664337336,29,B
9930,0.657988148914369,52,A
9931,-0.8554057701707423,96,C
9932,0.4531066812854501,8,B
9933,-0.7339836499253952,73,C
9934,0.391141519810569,68,B
9935,-0.3023417517451054,55,C
9936,0.4488014173517154,12,C
9937,0.4498820408934727,85,C
9938,1.517809343718176,87,B
9939,-0.4414366069590309,20,A
9940,1.5405724038750614,47,A
9941,0.5174438402215926,22,A
9942,-0.5893980216258857,51,C
9943,-1.5180141516455332,98,A
9944,-0.519154149405165,50,C
9945,0.1367024119366949,29,C
9946,-0.2407897894189174,66,B
9947,-1.1417579953315873,27,B
9948,1.3121673267093077,40,A
9949,0.8920743552467514,43,A
9950,-0.4122329945214661,1,B
9951,1.365609081479317,90,A
9952,-0.3772087891664399,75,C
9953,-0.5931513787469564,40,A
9954,-0.8011448226892887,66,A
9955,0.7479351891776123,27,B
9956,1.1834270561162052,99,A
9957,-0.3235593047908514,99,C
9958,0.0147304158096566,9,B
9959,-2.0996504581934703,43,A
9960,-0.5891588063154931,86,C
9961,1.3715247916486322,56,B
9962,0.1191826320521427,20,B
9963,-1.1442392132905417,35,B
9964,0.2990273768432495,20,C
9965,-1.359408542681544,87,A
9966,0.82429546784736,73,A
9967,0.3581815794915029,25,C
9968,-0.010306390917879,51,C
9969,0.1089526463733554,6,C
9970,2.7258864755803267,43,B
9971,0.258441458810487,7,B
9972,1.4174310180562617,52,B
9973,0.2111710794138183,74,B
9974,-0.6991775716604516,1,A
9975,0.8998728161653563,91,C
9976,-1.464014450281924,80,B
9977,-1.013137016558621,98,A
9978,1.587119827491236,70,B
9979,-1.163713140456402,45,A
9980,-1.913262783685364,68,A
9981,-0.3079987687110292,16,B
9982,2.0037757514823755,70,B
9983,-0.3938377705600527,77,C
9984,0.5419353040874663,81,C
9985,0.4008792604231648,13,C
9986,0.197095406986913,82,B
9987,-0.3811598446101246,80,B
9988,-0.0397328125489899,18,B
9989,-0.1634678152409215,66,B
9990,0.3650107629186652,6,A
9991,0.5750930929784178,31,B
9992,0.2729006578483754,22,A
9993,-0.1008799912398852,8,A
9994,2.0379369175192266,30,A
9995,0.5749914267260886,94,A
9996,0.1716301041788977,33,C
9997,1.2934054401578152,19,B
9998,-0.3802127543714033,1,B
9999,-0.1246090496804063,37,A
